Algoritmo;K;Jaccard_reale;Ripetizione;Jaccard_stimata
KMH;16;0;1;0
KMH;16;0;2;0
KMH;16;0;3;0
KMH;16;0;4;0
KMH;16;0;5;0
KMH;16;0;6;0
KMH;16;0;7;0
KMH;16;0;8;0
KMH;16;0;9;0
KMH;16;0;10;0
KMH;16;0;11;0
KMH;16;0;12;0
KMH;16;0;13;0
KMH;16;0;14;0
KMH;16;0;15;0
KMH;16;0;16;0
KMH;16;0;17;0
KMH;16;0;18;0
KMH;16;0;19;0
KMH;16;0;20;0
KMH;16;0;21;0
KMH;16;0;22;0
KMH;16;0;23;0
KMH;16;0;24;0
KMH;16;0;25;0
KMH;16;0;26;0
KMH;16;0;27;0
KMH;16;0;28;0
KMH;16;0;29;0
KMH;16;0;30;0
KMH;16;0;31;0
KMH;16;0;32;0
KMH;16;0;33;0
KMH;16;0;34;0
KMH;16;0;35;0
KMH;16;0;36;0
KMH;16;0;37;0
KMH;16;0;38;0
KMH;16;0;39;0
KMH;16;0;40;0
KMH;16;0;41;0
KMH;16;0;42;0
KMH;16;0;43;0
KMH;16;0;44;0
KMH;16;0;45;0
KMH;16;0;46;0
KMH;16;0;47;0
KMH;16;0;48;0
KMH;16;0;49;0
KMH;16;0;50;0
KMH;16;0;51;0
KMH;16;0;52;0
KMH;16;0;53;0
KMH;16;0;54;0
KMH;16;0;55;0
KMH;16;0;56;0
KMH;16;0;57;0
KMH;16;0;58;0
KMH;16;0;59;0
KMH;16;0;60;0
KMH;16;0;61;0
KMH;16;0;62;0
KMH;16;0;63;0
KMH;16;0;64;0
KMH;16;0;65;0
KMH;16;0;66;0
KMH;16;0;67;0
KMH;16;0;68;0
KMH;16;0;69;0
KMH;16;0;70;0
KMH;16;0;71;0
KMH;16;0;72;0
KMH;16;0;73;0
KMH;16;0;74;0
KMH;16;0;75;0
KMH;16;0;76;0
KMH;16;0;77;0
KMH;16;0;78;0
KMH;16;0;79;0
KMH;16;0;80;0
KMH;16;0;81;0
KMH;16;0;82;0
KMH;16;0;83;0
KMH;16;0;84;0
KMH;16;0;85;0
KMH;16;0;86;0
KMH;16;0;87;0
KMH;16;0;88;0
KMH;16;0;89;0
KMH;16;0;90;0
KMH;16;0;91;0
KMH;16;0;92;0
KMH;16;0;93;0
KMH;16;0;94;0
KMH;16;0;95;0
KMH;16;0;96;0
KMH;16;0;97;0
KMH;16;0;98;0
KMH;16;0;99;0
KMH;16;0;100;0
KMH;16;0.1008;1;0.25
KMH;16;0.1008;2;0.1875
KMH;16;0.1008;3;0.1875
KMH;16;0.1008;4;0.1875
KMH;16;0.1008;5;0.1875
KMH;16;0.1008;6;0.25
KMH;16;0.1008;7;0.1875
KMH;16;0.1008;8;0.1875
KMH;16;0.1008;9;0.1875
KMH;16;0.1008;10;0.125
KMH;16;0.1008;11;0.125
KMH;16;0.1008;12;0.125
KMH;16;0.1008;13;0.125
KMH;16;0.1008;14;0.125
KMH;16;0.1008;15;0.125
KMH;16;0.1008;16;0.0625
KMH;16;0.1008;17;0.0625
KMH;16;0.1008;18;0.0625
KMH;16;0.1008;19;0.0625
KMH;16;0.1008;20;0.0625
KMH;16;0.1008;21;0.0625
KMH;16;0.1008;22;0
KMH;16;0.1008;23;0
KMH;16;0.1008;24;0
KMH;16;0.1008;25;0.0625
KMH;16;0.1008;26;0.0625
KMH;16;0.1008;27;0.0625
KMH;16;0.1008;28;0.0625
KMH;16;0.1008;29;0.0625
KMH;16;0.1008;30;0.0625
KMH;16;0.1008;31;0.0625
KMH;16;0.1008;32;0.0625
KMH;16;0.1008;33;0.0625
KMH;16;0.1008;34;0.0625
KMH;16;0.1008;35;0.125
KMH;16;0.1008;36;0.125
KMH;16;0.1008;37;0.125
KMH;16;0.1008;38;0.125
KMH;16;0.1008;39;0.125
KMH;16;0.1008;40;0.125
KMH;16;0.1008;41;0.0625
KMH;16;0.1008;42;0.0625
KMH;16;0.1008;43;0.0625
KMH;16;0.1008;44;0.0625
KMH;16;0.1008;45;0.0625
KMH;16;0.1008;46;0.0625
KMH;16;0.1008;47;0.0625
KMH;16;0.1008;48;0.125
KMH;16;0.1008;49;0.1875
KMH;16;0.1008;50;0.25
KMH;16;0.1008;51;0.1875
KMH;16;0.1008;52;0.1875
KMH;16;0.1008;53;0.1875
KMH;16;0.1008;54;0.1875
KMH;16;0.1008;55;0.1875
KMH;16;0.1008;56;0.1875
KMH;16;0.1008;57;0.1875
KMH;16;0.1008;58;0.1875
KMH;16;0.1008;59;0.1875
KMH;16;0.1008;60;0.1875
KMH;16;0.1008;61;0.1875
KMH;16;0.1008;62;0.1875
KMH;16;0.1008;63;0.1875
KMH;16;0.1008;64;0.1875
KMH;16;0.1008;65;0.125
KMH;16;0.1008;66;0.0625
KMH;16;0.1008;67;0.0625
KMH;16;0.1008;68;0.0625
KMH;16;0.1008;69;0.0625
KMH;16;0.1008;70;0.0625
KMH;16;0.1008;71;0.0625
KMH;16;0.1008;72;0.0625
KMH;16;0.1008;73;0.0625
KMH;16;0.1008;74;0.0625
KMH;16;0.1008;75;0.0625
KMH;16;0.1008;76;0.0625
KMH;16;0.1008;77;0.0625
KMH;16;0.1008;78;0.0625
KMH;16;0.1008;79;0.0625
KMH;16;0.1008;80;0
KMH;16;0.1008;81;0
KMH;16;0.1008;82;0
KMH;16;0.1008;83;0
KMH;16;0.1008;84;0
KMH;16;0.1008;85;0
KMH;16;0.1008;86;0
KMH;16;0.1008;87;0
KMH;16;0.1008;88;0
KMH;16;0.1008;89;0
KMH;16;0.1008;90;0.0625
KMH;16;0.1008;91;0.0625
KMH;16;0.1008;92;0.0625
KMH;16;0.1008;93;0.0625
KMH;16;0.1008;94;0.0625
KMH;16;0.1008;95;0.0625
KMH;16;0.1008;96;0.0625
KMH;16;0.1008;97;0.0625
KMH;16;0.1008;98;0.0625
KMH;16;0.1008;99;0.0625
KMH;16;0.1008;100;0.0625
KMH;16;0.19882;1;0.1875
KMH;16;0.19882;2;0.25
KMH;16;0.19882;3;0.25
KMH;16;0.19882;4;0.3125
KMH;16;0.19882;5;0.25
KMH;16;0.19882;6;0.1875
KMH;16;0.19882;7;0.1875
KMH;16;0.19882;8;0.1875
KMH;16;0.19882;9;0.1875
KMH;16;0.19882;10;0.1875
KMH;16;0.19882;11;0.1875
KMH;16;0.19882;12;0.1875
KMH;16;0.19882;13;0.25
KMH;16;0.19882;14;0.3125
KMH;16;0.19882;15;0.3125
KMH;16;0.19882;16;0.3125
KMH;16;0.19882;17;0.375
KMH;16;0.19882;18;0.3125
KMH;16;0.19882;19;0.3125
KMH;16;0.19882;20;0.3125
KMH;16;0.19882;21;0.3125
KMH;16;0.19882;22;0.3125
KMH;16;0.19882;23;0.375
KMH;16;0.19882;24;0.4375
KMH;16;0.19882;25;0.4375
KMH;16;0.19882;26;0.4375
KMH;16;0.19882;27;0.375
KMH;16;0.19882;28;0.375
KMH;16;0.19882;29;0.3125
KMH;16;0.19882;30;0.25
KMH;16;0.19882;31;0.25
KMH;16;0.19882;32;0.25
KMH;16;0.19882;33;0.1875
KMH;16;0.19882;34;0.1875
KMH;16;0.19882;35;0.1875
KMH;16;0.19882;36;0.125
KMH;16;0.19882;37;0.125
KMH;16;0.19882;38;0.125
KMH;16;0.19882;39;0.0625
KMH;16;0.19882;40;0
KMH;16;0.19882;41;0
KMH;16;0.19882;42;0
KMH;16;0.19882;43;0
KMH;16;0.19882;44;0
KMH;16;0.19882;45;0
KMH;16;0.19882;46;0
KMH;16;0.19882;47;0
KMH;16;0.19882;48;0
KMH;16;0.19882;49;0
KMH;16;0.19882;50;0
KMH;16;0.19882;51;0
KMH;16;0.19882;52;0
KMH;16;0.19882;53;0
KMH;16;0.19882;54;0
KMH;16;0.19882;55;0
KMH;16;0.19882;56;0
KMH;16;0.19882;57;0
KMH;16;0.19882;58;0
KMH;16;0.19882;59;0.0625
KMH;16;0.19882;60;0.0625
KMH;16;0.19882;61;0.125
KMH;16;0.19882;62;0.125
KMH;16;0.19882;63;0.125
KMH;16;0.19882;64;0.125
KMH;16;0.19882;65;0.1875
KMH;16;0.19882;66;0.1875
KMH;16;0.19882;67;0.1875
KMH;16;0.19882;68;0.1875
KMH;16;0.19882;69;0.25
KMH;16;0.19882;70;0.25
KMH;16;0.19882;71;0.3125
KMH;16;0.19882;72;0.3125
KMH;16;0.19882;73;0.3125
KMH;16;0.19882;74;0.3125
KMH;16;0.19882;75;0.25
KMH;16;0.19882;76;0.25
KMH;16;0.19882;77;0.1875
KMH;16;0.19882;78;0.25
KMH;16;0.19882;79;0.25
KMH;16;0.19882;80;0.25
KMH;16;0.19882;81;0.25
KMH;16;0.19882;82;0.25
KMH;16;0.19882;83;0.25
KMH;16;0.19882;84;0.25
KMH;16;0.19882;85;0.1875
KMH;16;0.19882;86;0.1875
KMH;16;0.19882;87;0.1875
KMH;16;0.19882;88;0.1875
KMH;16;0.19882;89;0.1875
KMH;16;0.19882;90;0.1875
KMH;16;0.19882;91;0.25
KMH;16;0.19882;92;0.25
KMH;16;0.19882;93;0.25
KMH;16;0.19882;94;0.1875
KMH;16;0.19882;95;0.1875
KMH;16;0.19882;96;0.25
KMH;16;0.19882;97;0.1875
KMH;16;0.19882;98;0.1875
KMH;16;0.19882;99;0.25
KMH;16;0.19882;100;0.25
KMH;16;0.30016;1;0.375
KMH;16;0.30016;2;0.375
KMH;16;0.30016;3;0.375
KMH;16;0.30016;4;0.375
KMH;16;0.30016;5;0.3125
KMH;16;0.30016;6;0.375
KMH;16;0.30016;7;0.375
KMH;16;0.30016;8;0.3125
KMH;16;0.30016;9;0.25
KMH;16;0.30016;10;0.3125
KMH;16;0.30016;11;0.3125
KMH;16;0.30016;12;0.3125
KMH;16;0.30016;13;0.3125
KMH;16;0.30016;14;0.25
KMH;16;0.30016;15;0.25
KMH;16;0.30016;16;0.25
KMH;16;0.30016;17;0.1875
KMH;16;0.30016;18;0.25
KMH;16;0.30016;19;0.25
KMH;16;0.30016;20;0.25
KMH;16;0.30016;21;0.25
KMH;16;0.30016;22;0.25
KMH;16;0.30016;23;0.1875
KMH;16;0.30016;24;0.1875
KMH;16;0.30016;25;0.1875
KMH;16;0.30016;26;0.125
KMH;16;0.30016;27;0.125
KMH;16;0.30016;28;0.125
KMH;16;0.30016;29;0.125
KMH;16;0.30016;30;0.125
KMH;16;0.30016;31;0.125
KMH;16;0.30016;32;0.125
KMH;16;0.30016;33;0.1875
KMH;16;0.30016;34;0.1875
KMH;16;0.30016;35;0.1875
KMH;16;0.30016;36;0.25
KMH;16;0.30016;37;0.3125
KMH;16;0.30016;38;0.3125
KMH;16;0.30016;39;0.3125
KMH;16;0.30016;40;0.375
KMH;16;0.30016;41;0.375
KMH;16;0.30016;42;0.375
KMH;16;0.30016;43;0.375
KMH;16;0.30016;44;0.4375
KMH;16;0.30016;45;0.4375
KMH;16;0.30016;46;0.4375
KMH;16;0.30016;47;0.4375
KMH;16;0.30016;48;0.4375
KMH;16;0.30016;49;0.375
KMH;16;0.30016;50;0.3125
KMH;16;0.30016;51;0.375
KMH;16;0.30016;52;0.375
KMH;16;0.30016;53;0.3125
KMH;16;0.30016;54;0.25
KMH;16;0.30016;55;0.25
KMH;16;0.30016;56;0.1875
KMH;16;0.30016;57;0.1875
KMH;16;0.30016;58;0.25
KMH;16;0.30016;59;0.25
KMH;16;0.30016;60;0.1875
KMH;16;0.30016;61;0.1875
KMH;16;0.30016;62;0.1875
KMH;16;0.30016;63;0.25
KMH;16;0.30016;64;0.25
KMH;16;0.30016;65;0.25
KMH;16;0.30016;66;0.25
KMH;16;0.30016;67;0.1875
KMH;16;0.30016;68;0.125
KMH;16;0.30016;69;0.125
KMH;16;0.30016;70;0.1875
KMH;16;0.30016;71;0.1875
KMH;16;0.30016;72;0.25
KMH;16;0.30016;73;0.25
KMH;16;0.30016;74;0.1875
KMH;16;0.30016;75;0.1875
KMH;16;0.30016;76;0.1875
KMH;16;0.30016;77;0.1875
KMH;16;0.30016;78;0.1875
KMH;16;0.30016;79;0.125
KMH;16;0.30016;80;0.125
KMH;16;0.30016;81;0.125
KMH;16;0.30016;82;0.125
KMH;16;0.30016;83;0.1875
KMH;16;0.30016;84;0.1875
KMH;16;0.30016;85;0.1875
KMH;16;0.30016;86;0.125
KMH;16;0.30016;87;0.125
KMH;16;0.30016;88;0.0625
KMH;16;0.30016;89;0.0625
KMH;16;0.30016;90;0.125
KMH;16;0.30016;91;0.125
KMH;16;0.30016;92;0.1875
KMH;16;0.30016;93;0.1875
KMH;16;0.30016;94;0.1875
KMH;16;0.30016;95;0.25
KMH;16;0.30016;96;0.25
KMH;16;0.30016;97;0.25
KMH;16;0.30016;98;0.25
KMH;16;0.30016;99;0.1875
KMH;16;0.30016;100;0.25
KMH;16;0.39906;1;0.5
KMH;16;0.39906;2;0.5
KMH;16;0.39906;3;0.5
KMH;16;0.39906;4;0.4375
KMH;16;0.39906;5;0.4375
KMH;16;0.39906;6;0.4375
KMH;16;0.39906;7;0.5
KMH;16;0.39906;8;0.4375
KMH;16;0.39906;9;0.4375
KMH;16;0.39906;10;0.4375
KMH;16;0.39906;11;0.375
KMH;16;0.39906;12;0.375
KMH;16;0.39906;13;0.3125
KMH;16;0.39906;14;0.25
KMH;16;0.39906;15;0.25
KMH;16;0.39906;16;0.25
KMH;16;0.39906;17;0.1875
KMH;16;0.39906;18;0.125
KMH;16;0.39906;19;0.125
KMH;16;0.39906;20;0.125
KMH;16;0.39906;21;0.125
KMH;16;0.39906;22;0.125
KMH;16;0.39906;23;0.125
KMH;16;0.39906;24;0.1875
KMH;16;0.39906;25;0.25
KMH;16;0.39906;26;0.1875
KMH;16;0.39906;27;0.25
KMH;16;0.39906;28;0.25
KMH;16;0.39906;29;0.25
KMH;16;0.39906;30;0.25
KMH;16;0.39906;31;0.25
KMH;16;0.39906;32;0.3125
KMH;16;0.39906;33;0.3125
KMH;16;0.39906;34;0.375
KMH;16;0.39906;35;0.375
KMH;16;0.39906;36;0.375
KMH;16;0.39906;37;0.4375
KMH;16;0.39906;38;0.5
KMH;16;0.39906;39;0.4375
KMH;16;0.39906;40;0.4375
KMH;16;0.39906;41;0.4375
KMH;16;0.39906;42;0.4375
KMH;16;0.39906;43;0.375
KMH;16;0.39906;44;0.375
KMH;16;0.39906;45;0.4375
KMH;16;0.39906;46;0.4375
KMH;16;0.39906;47;0.4375
KMH;16;0.39906;48;0.4375
KMH;16;0.39906;49;0.4375
KMH;16;0.39906;50;0.375
KMH;16;0.39906;51;0.375
KMH;16;0.39906;52;0.4375
KMH;16;0.39906;53;0.4375
KMH;16;0.39906;54;0.375
KMH;16;0.39906;55;0.375
KMH;16;0.39906;56;0.375
KMH;16;0.39906;57;0.3125
KMH;16;0.39906;58;0.3125
KMH;16;0.39906;59;0.3125
KMH;16;0.39906;60;0.375
KMH;16;0.39906;61;0.3125
KMH;16;0.39906;62;0.375
KMH;16;0.39906;63;0.375
KMH;16;0.39906;64;0.3125
KMH;16;0.39906;65;0.375
KMH;16;0.39906;66;0.375
KMH;16;0.39906;67;0.4375
KMH;16;0.39906;68;0.4375
KMH;16;0.39906;69;0.4375
KMH;16;0.39906;70;0.5
KMH;16;0.39906;71;0.5625
KMH;16;0.39906;72;0.5625
KMH;16;0.39906;73;0.625
KMH;16;0.39906;74;0.625
KMH;16;0.39906;75;0.6875
KMH;16;0.39906;76;0.6875
KMH;16;0.39906;77;0.75
KMH;16;0.39906;78;0.6875
KMH;16;0.39906;79;0.6875
KMH;16;0.39906;80;0.6875
KMH;16;0.39906;81;0.6875
KMH;16;0.39906;82;0.6875
KMH;16;0.39906;83;0.6875
KMH;16;0.39906;84;0.6875
KMH;16;0.39906;85;0.625
KMH;16;0.39906;86;0.5625
KMH;16;0.39906;87;0.5625
KMH;16;0.39906;88;0.5
KMH;16;0.39906;89;0.5
KMH;16;0.39906;90;0.5
KMH;16;0.39906;91;0.4375
KMH;16;0.39906;92;0.375
KMH;16;0.39906;93;0.3125
KMH;16;0.39906;94;0.375
KMH;16;0.39906;95;0.375
KMH;16;0.39906;96;0.4375
KMH;16;0.39906;97;0.375
KMH;16;0.39906;98;0.4375
KMH;16;0.39906;99;0.4375
KMH;16;0.39906;100;0.375
KMH;16;0.5015;1;0.5625
KMH;16;0.5015;2;0.5625
KMH;16;0.5015;3;0.5
KMH;16;0.5015;4;0.5625
KMH;16;0.5015;5;0.5
KMH;16;0.5015;6;0.5
KMH;16;0.5015;7;0.5625
KMH;16;0.5015;8;0.5
KMH;16;0.5015;9;0.5
KMH;16;0.5015;10;0.4375
KMH;16;0.5015;11;0.5
KMH;16;0.5015;12;0.5625
KMH;16;0.5015;13;0.5
KMH;16;0.5015;14;0.5
KMH;16;0.5015;15;0.5625
KMH;16;0.5015;16;0.5625
KMH;16;0.5015;17;0.625
KMH;16;0.5015;18;0.625
KMH;16;0.5015;19;0.625
KMH;16;0.5015;20;0.625
KMH;16;0.5015;21;0.6875
KMH;16;0.5015;22;0.6875
KMH;16;0.5015;23;0.625
KMH;16;0.5015;24;0.625
KMH;16;0.5015;25;0.5625
KMH;16;0.5015;26;0.625
KMH;16;0.5015;27;0.625
KMH;16;0.5015;28;0.5625
KMH;16;0.5015;29;0.625
KMH;16;0.5015;30;0.625
KMH;16;0.5015;31;0.5625
KMH;16;0.5015;32;0.5
KMH;16;0.5015;33;0.4375
KMH;16;0.5015;34;0.375
KMH;16;0.5015;35;0.4375
KMH;16;0.5015;36;0.375
KMH;16;0.5015;37;0.3125
KMH;16;0.5015;38;0.3125
KMH;16;0.5015;39;0.3125
KMH;16;0.5015;40;0.3125
KMH;16;0.5015;41;0.3125
KMH;16;0.5015;42;0.25
KMH;16;0.5015;43;0.1875
KMH;16;0.5015;44;0.1875
KMH;16;0.5015;45;0.1875
KMH;16;0.5015;46;0.25
KMH;16;0.5015;47;0.25
KMH;16;0.5015;48;0.25
KMH;16;0.5015;49;0.25
KMH;16;0.5015;50;0.25
KMH;16;0.5015;51;0.1875
KMH;16;0.5015;52;0.25
KMH;16;0.5015;53;0.25
KMH;16;0.5015;54;0.25
KMH;16;0.5015;55;0.25
KMH;16;0.5015;56;0.25
KMH;16;0.5015;57;0.25
KMH;16;0.5015;58;0.25
KMH;16;0.5015;59;0.3125
KMH;16;0.5015;60;0.3125
KMH;16;0.5015;61;0.3125
KMH;16;0.5015;62;0.25
KMH;16;0.5015;63;0.3125
KMH;16;0.5015;64;0.375
KMH;16;0.5015;65;0.4375
KMH;16;0.5015;66;0.5
KMH;16;0.5015;67;0.5
KMH;16;0.5015;68;0.4375
KMH;16;0.5015;69;0.5
KMH;16;0.5015;70;0.5
KMH;16;0.5015;71;0.5625
KMH;16;0.5015;72;0.5625
KMH;16;0.5015;73;0.625
KMH;16;0.5015;74;0.625
KMH;16;0.5015;75;0.625
KMH;16;0.5015;76;0.6875
KMH;16;0.5015;77;0.625
KMH;16;0.5015;78;0.6875
KMH;16;0.5015;79;0.625
KMH;16;0.5015;80;0.5625
KMH;16;0.5015;81;0.5
KMH;16;0.5015;82;0.4375
KMH;16;0.5015;83;0.5
KMH;16;0.5015;84;0.5625
KMH;16;0.5015;85;0.5625
KMH;16;0.5015;86;0.5625
KMH;16;0.5015;87;0.5625
KMH;16;0.5015;88;0.625
KMH;16;0.5015;89;0.625
KMH;16;0.5015;90;0.625
KMH;16;0.5015;91;0.5625
KMH;16;0.5015;92;0.5
KMH;16;0.5015;93;0.5625
KMH;16;0.5015;94;0.5
KMH;16;0.5015;95;0.5625
KMH;16;0.5015;96;0.5625
KMH;16;0.5015;97;0.625
KMH;16;0.5015;98;0.625
KMH;16;0.5015;99;0.5625
KMH;16;0.5015;100;0.5
KMH;16;0.5989;1;0.6875
KMH;16;0.5989;2;0.625
KMH;16;0.5989;3;0.625
KMH;16;0.5989;4;0.5625
KMH;16;0.5989;5;0.5
KMH;16;0.5989;6;0.5
KMH;16;0.5989;7;0.5
KMH;16;0.5989;8;0.5625
KMH;16;0.5989;9;0.625
KMH;16;0.5989;10;0.625
KMH;16;0.5989;11;0.625
KMH;16;0.5989;12;0.5625
KMH;16;0.5989;13;0.5625
KMH;16;0.5989;14;0.5625
KMH;16;0.5989;15;0.5625
KMH;16;0.5989;16;0.625
KMH;16;0.5989;17;0.5625
KMH;16;0.5989;18;0.5625
KMH;16;0.5989;19;0.625
KMH;16;0.5989;20;0.625
KMH;16;0.5989;21;0.6875
KMH;16;0.5989;22;0.625
KMH;16;0.5989;23;0.625
KMH;16;0.5989;24;0.5625
KMH;16;0.5989;25;0.5
KMH;16;0.5989;26;0.5
KMH;16;0.5989;27;0.4375
KMH;16;0.5989;28;0.5
KMH;16;0.5989;29;0.5
KMH;16;0.5989;30;0.5625
KMH;16;0.5989;31;0.5625
KMH;16;0.5989;32;0.5625
KMH;16;0.5989;33;0.625
KMH;16;0.5989;34;0.625
KMH;16;0.5989;35;0.625
KMH;16;0.5989;36;0.6875
KMH;16;0.5989;37;0.625
KMH;16;0.5989;38;0.6875
KMH;16;0.5989;39;0.6875
KMH;16;0.5989;40;0.75
KMH;16;0.5989;41;0.75
KMH;16;0.5989;42;0.6875
KMH;16;0.5989;43;0.75
KMH;16;0.5989;44;0.6875
KMH;16;0.5989;45;0.625
KMH;16;0.5989;46;0.625
KMH;16;0.5989;47;0.5625
KMH;16;0.5989;48;0.5625
KMH;16;0.5989;49;0.5625
KMH;16;0.5989;50;0.625
KMH;16;0.5989;51;0.5625
KMH;16;0.5989;52;0.5625
KMH;16;0.5989;53;0.5625
KMH;16;0.5989;54;0.5625
KMH;16;0.5989;55;0.5
KMH;16;0.5989;56;0.5
KMH;16;0.5989;57;0.5625
KMH;16;0.5989;58;0.5625
KMH;16;0.5989;59;0.5625
KMH;16;0.5989;60;0.625
KMH;16;0.5989;61;0.625
KMH;16;0.5989;62;0.625
KMH;16;0.5989;63;0.6875
KMH;16;0.5989;64;0.625
KMH;16;0.5989;65;0.625
KMH;16;0.5989;66;0.5625
KMH;16;0.5989;67;0.5625
KMH;16;0.5989;68;0.5625
KMH;16;0.5989;69;0.625
KMH;16;0.5989;70;0.5625
KMH;16;0.5989;71;0.5625
KMH;16;0.5989;72;0.5625
KMH;16;0.5989;73;0.5625
KMH;16;0.5989;74;0.5625
KMH;16;0.5989;75;0.5
KMH;16;0.5989;76;0.5
KMH;16;0.5989;77;0.5625
KMH;16;0.5989;78;0.5625
KMH;16;0.5989;79;0.5625
KMH;16;0.5989;80;0.625
KMH;16;0.5989;81;0.625
KMH;16;0.5989;82;0.6875
KMH;16;0.5989;83;0.6875
KMH;16;0.5989;84;0.6875
KMH;16;0.5989;85;0.6875
KMH;16;0.5989;86;0.75
KMH;16;0.5989;87;0.8125
KMH;16;0.5989;88;0.75
KMH;16;0.5989;89;0.6875
KMH;16;0.5989;90;0.6875
KMH;16;0.5989;91;0.6875
KMH;16;0.5989;92;0.6875
KMH;16;0.5989;93;0.6875
KMH;16;0.5989;94;0.625
KMH;16;0.5989;95;0.625
KMH;16;0.5989;96;0.5625
KMH;16;0.5989;97;0.5625
KMH;16;0.5989;98;0.5625
KMH;16;0.5989;99;0.5625
KMH;16;0.5989;100;0.5625
KMH;16;0.69906;1;0.625
KMH;16;0.69906;2;0.625
KMH;16;0.69906;3;0.6875
KMH;16;0.69906;4;0.625
KMH;16;0.69906;5;0.625
KMH;16;0.69906;6;0.6875
KMH;16;0.69906;7;0.6875
KMH;16;0.69906;8;0.75
KMH;16;0.69906;9;0.75
KMH;16;0.69906;10;0.8125
KMH;16;0.69906;11;0.75
KMH;16;0.69906;12;0.75
KMH;16;0.69906;13;0.75
KMH;16;0.69906;14;0.6875
KMH;16;0.69906;15;0.75
KMH;16;0.69906;16;0.6875
KMH;16;0.69906;17;0.625
KMH;16;0.69906;18;0.6875
KMH;16;0.69906;19;0.6875
KMH;16;0.69906;20;0.75
KMH;16;0.69906;21;0.6875
KMH;16;0.69906;22;0.6875
KMH;16;0.69906;23;0.6875
KMH;16;0.69906;24;0.6875
KMH;16;0.69906;25;0.625
KMH;16;0.69906;26;0.625
KMH;16;0.69906;27;0.625
KMH;16;0.69906;28;0.625
KMH;16;0.69906;29;0.625
KMH;16;0.69906;30;0.6875
KMH;16;0.69906;31;0.625
KMH;16;0.69906;32;0.6875
KMH;16;0.69906;33;0.75
KMH;16;0.69906;34;0.75
KMH;16;0.69906;35;0.75
KMH;16;0.69906;36;0.75
KMH;16;0.69906;37;0.8125
KMH;16;0.69906;38;0.75
KMH;16;0.69906;39;0.75
KMH;16;0.69906;40;0.75
KMH;16;0.69906;41;0.75
KMH;16;0.69906;42;0.6875
KMH;16;0.69906;43;0.75
KMH;16;0.69906;44;0.6875
KMH;16;0.69906;45;0.6875
KMH;16;0.69906;46;0.625
KMH;16;0.69906;47;0.625
KMH;16;0.69906;48;0.625
KMH;16;0.69906;49;0.625
KMH;16;0.69906;50;0.625
KMH;16;0.69906;51;0.625
KMH;16;0.69906;52;0.625
KMH;16;0.69906;53;0.5625
KMH;16;0.69906;54;0.625
KMH;16;0.69906;55;0.625
KMH;16;0.69906;56;0.5625
KMH;16;0.69906;57;0.625
KMH;16;0.69906;58;0.6875
KMH;16;0.69906;59;0.6875
KMH;16;0.69906;60;0.75
KMH;16;0.69906;61;0.75
KMH;16;0.69906;62;0.8125
KMH;16;0.69906;63;0.8125
KMH;16;0.69906;64;0.8125
KMH;16;0.69906;65;0.8125
KMH;16;0.69906;66;0.8125
KMH;16;0.69906;67;0.8125
KMH;16;0.69906;68;0.75
KMH;16;0.69906;69;0.8125
KMH;16;0.69906;70;0.75
KMH;16;0.69906;71;0.75
KMH;16;0.69906;72;0.75
KMH;16;0.69906;73;0.75
KMH;16;0.69906;74;0.75
KMH;16;0.69906;75;0.75
KMH;16;0.69906;76;0.6875
KMH;16;0.69906;77;0.6875
KMH;16;0.69906;78;0.6875
KMH;16;0.69906;79;0.75
KMH;16;0.69906;80;0.75
KMH;16;0.69906;81;0.6875
KMH;16;0.69906;82;0.6875
KMH;16;0.69906;83;0.625
KMH;16;0.69906;84;0.6875
KMH;16;0.69906;85;0.6875
KMH;16;0.69906;86;0.75
KMH;16;0.69906;87;0.6875
KMH;16;0.69906;88;0.75
KMH;16;0.69906;89;0.6875
KMH;16;0.69906;90;0.625
KMH;16;0.69906;91;0.625
KMH;16;0.69906;92;0.6875
KMH;16;0.69906;93;0.6875
KMH;16;0.69906;94;0.625
KMH;16;0.69906;95;0.5625
KMH;16;0.69906;96;0.5625
KMH;16;0.69906;97;0.625
KMH;16;0.69906;98;0.625
KMH;16;0.69906;99;0.625
KMH;16;0.69906;100;0.625
KMH;16;0.8011;1;0.875
KMH;16;0.8011;2;0.875
KMH;16;0.8011;3;0.875
KMH;16;0.8011;4;0.8125
KMH;16;0.8011;5;0.8125
KMH;16;0.8011;6;0.8125
KMH;16;0.8011;7;0.8125
KMH;16;0.8011;8;0.8125
KMH;16;0.8011;9;0.8125
KMH;16;0.8011;10;0.875
KMH;16;0.8011;11;0.875
KMH;16;0.8011;12;0.875
KMH;16;0.8011;13;0.9375
KMH;16;0.8011;14;0.9375
KMH;16;0.8011;15;0.875
KMH;16;0.8011;16;0.875
KMH;16;0.8011;17;0.875
KMH;16;0.8011;18;0.875
KMH;16;0.8011;19;0.875
KMH;16;0.8011;20;0.9375
KMH;16;0.8011;21;0.9375
KMH;16;0.8011;22;0.9375
KMH;16;0.8011;23;0.9375
KMH;16;0.8011;24;0.875
KMH;16;0.8011;25;0.875
KMH;16;0.8011;26;0.875
KMH;16;0.8011;27;0.875
KMH;16;0.8011;28;0.875
KMH;16;0.8011;29;0.875
KMH;16;0.8011;30;0.8125
KMH;16;0.8011;31;0.8125
KMH;16;0.8011;32;0.8125
KMH;16;0.8011;33;0.8125
KMH;16;0.8011;34;0.8125
KMH;16;0.8011;35;0.8125
KMH;16;0.8011;36;0.8125
KMH;16;0.8011;37;0.8125
KMH;16;0.8011;38;0.8125
KMH;16;0.8011;39;0.8125
KMH;16;0.8011;40;0.875
KMH;16;0.8011;41;0.8125
KMH;16;0.8011;42;0.8125
KMH;16;0.8011;43;0.8125
KMH;16;0.8011;44;0.8125
KMH;16;0.8011;45;0.8125
KMH;16;0.8011;46;0.875
KMH;16;0.8011;47;0.9375
KMH;16;0.8011;48;0.9375
KMH;16;0.8011;49;0.875
KMH;16;0.8011;50;0.875
KMH;16;0.8011;51;0.875
KMH;16;0.8011;52;0.875
KMH;16;0.8011;53;0.875
KMH;16;0.8011;54;0.875
KMH;16;0.8011;55;0.875
KMH;16;0.8011;56;0.875
KMH;16;0.8011;57;0.875
KMH;16;0.8011;58;0.8125
KMH;16;0.8011;59;0.8125
KMH;16;0.8011;60;0.8125
KMH;16;0.8011;61;0.75
KMH;16;0.8011;62;0.6875
KMH;16;0.8011;63;0.6875
KMH;16;0.8011;64;0.6875
KMH;16;0.8011;65;0.75
KMH;16;0.8011;66;0.75
KMH;16;0.8011;67;0.6875
KMH;16;0.8011;68;0.6875
KMH;16;0.8011;69;0.6875
KMH;16;0.8011;70;0.6875
KMH;16;0.8011;71;0.6875
KMH;16;0.8011;72;0.625
KMH;16;0.8011;73;0.6875
KMH;16;0.8011;74;0.75
KMH;16;0.8011;75;0.75
KMH;16;0.8011;76;0.75
KMH;16;0.8011;77;0.8125
KMH;16;0.8011;78;0.8125
KMH;16;0.8011;79;0.8125
KMH;16;0.8011;80;0.8125
KMH;16;0.8011;81;0.8125
KMH;16;0.8011;82;0.8125
KMH;16;0.8011;83;0.8125
KMH;16;0.8011;84;0.75
KMH;16;0.8011;85;0.75
KMH;16;0.8011;86;0.75
KMH;16;0.8011;87;0.75
KMH;16;0.8011;88;0.8125
KMH;16;0.8011;89;0.8125
KMH;16;0.8011;90;0.75
KMH;16;0.8011;91;0.75
KMH;16;0.8011;92;0.75
KMH;16;0.8011;93;0.6875
KMH;16;0.8011;94;0.75
KMH;16;0.8011;95;0.75
KMH;16;0.8011;96;0.75
KMH;16;0.8011;97;0.75
KMH;16;0.8011;98;0.6875
KMH;16;0.8011;99;0.75
KMH;16;0.8011;100;0.8125
KMH;16;0.89942;1;1
KMH;16;0.89942;2;1
KMH;16;0.89942;3;0.9375
KMH;16;0.89942;4;0.9375
KMH;16;0.89942;5;0.9375
KMH;16;0.89942;6;0.9375
KMH;16;0.89942;7;0.9375
KMH;16;0.89942;8;0.9375
KMH;16;0.89942;9;0.9375
KMH;16;0.89942;10;0.9375
KMH;16;0.89942;11;0.9375
KMH;16;0.89942;12;0.9375
KMH;16;0.89942;13;0.9375
KMH;16;0.89942;14;0.9375
KMH;16;0.89942;15;0.9375
KMH;16;0.89942;16;0.875
KMH;16;0.89942;17;0.875
KMH;16;0.89942;18;0.875
KMH;16;0.89942;19;0.9375
KMH;16;0.89942;20;0.875
KMH;16;0.89942;21;0.875
KMH;16;0.89942;22;0.875
KMH;16;0.89942;23;0.875
KMH;16;0.89942;24;0.875
KMH;16;0.89942;25;0.875
KMH;16;0.89942;26;0.875
KMH;16;0.89942;27;0.875
KMH;16;0.89942;28;0.875
KMH;16;0.89942;29;0.875
KMH;16;0.89942;30;0.875
KMH;16;0.89942;31;0.875
KMH;16;0.89942;32;0.9375
KMH;16;0.89942;33;0.875
KMH;16;0.89942;34;0.875
KMH;16;0.89942;35;0.875
KMH;16;0.89942;36;0.9375
KMH;16;0.89942;37;0.9375
KMH;16;0.89942;38;0.9375
KMH;16;0.89942;39;0.9375
KMH;16;0.89942;40;0.9375
KMH;16;0.89942;41;0.9375
KMH;16;0.89942;42;0.9375
KMH;16;0.89942;43;0.9375
KMH;16;0.89942;44;0.9375
KMH;16;0.89942;45;0.9375
KMH;16;0.89942;46;0.9375
KMH;16;0.89942;47;0.9375
KMH;16;0.89942;48;0.9375
KMH;16;0.89942;49;1
KMH;16;0.89942;50;0.9375
KMH;16;0.89942;51;0.9375
KMH;16;0.89942;52;0.9375
KMH;16;0.89942;53;0.9375
KMH;16;0.89942;54;0.875
KMH;16;0.89942;55;0.875
KMH;16;0.89942;56;0.875
KMH;16;0.89942;57;0.875
KMH;16;0.89942;58;0.875
KMH;16;0.89942;59;0.875
KMH;16;0.89942;60;0.875
KMH;16;0.89942;61;0.875
KMH;16;0.89942;62;0.875
KMH;16;0.89942;63;0.875
KMH;16;0.89942;64;0.875
KMH;16;0.89942;65;0.875
KMH;16;0.89942;66;0.9375
KMH;16;0.89942;67;0.9375
KMH;16;0.89942;68;0.9375
KMH;16;0.89942;69;0.9375
KMH;16;0.89942;70;1
KMH;16;0.89942;71;1
KMH;16;0.89942;72;1
KMH;16;0.89942;73;1
KMH;16;0.89942;74;1
KMH;16;0.89942;75;1
KMH;16;0.89942;76;1
KMH;16;0.89942;77;1
KMH;16;0.89942;78;1
KMH;16;0.89942;79;1
KMH;16;0.89942;80;1
KMH;16;0.89942;81;1
KMH;16;0.89942;82;1
KMH;16;0.89942;83;1
KMH;16;0.89942;84;1
KMH;16;0.89942;85;1
KMH;16;0.89942;86;1
KMH;16;0.89942;87;1
KMH;16;0.89942;88;0.9375
KMH;16;0.89942;89;0.9375
KMH;16;0.89942;90;0.9375
KMH;16;0.89942;91;0.9375
KMH;16;0.89942;92;0.9375
KMH;16;0.89942;93;0.9375
KMH;16;0.89942;94;0.9375
KMH;16;0.89942;95;0.9375
KMH;16;0.89942;96;0.9375
KMH;16;0.89942;97;0.9375
KMH;16;0.89942;98;0.9375
KMH;16;0.89942;99;0.9375
KMH;16;0.89942;100;0.9375
KMH;16;1;1;1
KMH;16;1;2;1
KMH;16;1;3;1
KMH;16;1;4;1
KMH;16;1;5;1
KMH;16;1;6;1
KMH;16;1;7;1
KMH;16;1;8;1
KMH;16;1;9;1
KMH;16;1;10;1
KMH;16;1;11;1
KMH;16;1;12;1
KMH;16;1;13;1
KMH;16;1;14;1
KMH;16;1;15;1
KMH;16;1;16;1
KMH;16;1;17;1
KMH;16;1;18;1
KMH;16;1;19;1
KMH;16;1;20;1
KMH;16;1;21;1
KMH;16;1;22;1
KMH;16;1;23;1
KMH;16;1;24;1
KMH;16;1;25;1
KMH;16;1;26;1
KMH;16;1;27;1
KMH;16;1;28;1
KMH;16;1;29;1
KMH;16;1;30;1
KMH;16;1;31;1
KMH;16;1;32;1
KMH;16;1;33;1
KMH;16;1;34;1
KMH;16;1;35;1
KMH;16;1;36;1
KMH;16;1;37;1
KMH;16;1;38;1
KMH;16;1;39;1
KMH;16;1;40;1
KMH;16;1;41;1
KMH;16;1;42;1
KMH;16;1;43;1
KMH;16;1;44;1
KMH;16;1;45;1
KMH;16;1;46;1
KMH;16;1;47;1
KMH;16;1;48;1
KMH;16;1;49;1
KMH;16;1;50;1
KMH;16;1;51;1
KMH;16;1;52;1
KMH;16;1;53;1
KMH;16;1;54;1
KMH;16;1;55;1
KMH;16;1;56;1
KMH;16;1;57;1
KMH;16;1;58;1
KMH;16;1;59;1
KMH;16;1;60;1
KMH;16;1;61;1
KMH;16;1;62;1
KMH;16;1;63;1
KMH;16;1;64;1
KMH;16;1;65;1
KMH;16;1;66;1
KMH;16;1;67;1
KMH;16;1;68;1
KMH;16;1;69;1
KMH;16;1;70;1
KMH;16;1;71;1
KMH;16;1;72;1
KMH;16;1;73;1
KMH;16;1;74;1
KMH;16;1;75;1
KMH;16;1;76;1
KMH;16;1;77;1
KMH;16;1;78;1
KMH;16;1;79;1
KMH;16;1;80;1
KMH;16;1;81;1
KMH;16;1;82;1
KMH;16;1;83;1
KMH;16;1;84;1
KMH;16;1;85;1
KMH;16;1;86;1
KMH;16;1;87;1
KMH;16;1;88;1
KMH;16;1;89;1
KMH;16;1;90;1
KMH;16;1;91;1
KMH;16;1;92;1
KMH;16;1;93;1
KMH;16;1;94;1
KMH;16;1;95;1
KMH;16;1;96;1
KMH;16;1;97;1
KMH;16;1;98;1
KMH;16;1;99;1
KMH;16;1;100;1
KMH;256;0;1;0
KMH;256;0;2;0
KMH;256;0;3;0
KMH;256;0;4;0
KMH;256;0;5;0
KMH;256;0;6;0
KMH;256;0;7;0
KMH;256;0;8;0
KMH;256;0;9;0
KMH;256;0;10;0
KMH;256;0;11;0
KMH;256;0;12;0
KMH;256;0;13;0
KMH;256;0;14;0
KMH;256;0;15;0
KMH;256;0;16;0
KMH;256;0;17;0
KMH;256;0;18;0
KMH;256;0;19;0
KMH;256;0;20;0
KMH;256;0;21;0
KMH;256;0;22;0
KMH;256;0;23;0
KMH;256;0;24;0
KMH;256;0;25;0
KMH;256;0;26;0
KMH;256;0;27;0
KMH;256;0;28;0
KMH;256;0;29;0
KMH;256;0;30;0
KMH;256;0;31;0
KMH;256;0;32;0
KMH;256;0;33;0
KMH;256;0;34;0
KMH;256;0;35;0
KMH;256;0;36;0
KMH;256;0;37;0
KMH;256;0;38;0
KMH;256;0;39;0
KMH;256;0;40;0
KMH;256;0;41;0
KMH;256;0;42;0
KMH;256;0;43;0
KMH;256;0;44;0
KMH;256;0;45;0
KMH;256;0;46;0
KMH;256;0;47;0
KMH;256;0;48;0
KMH;256;0;49;0
KMH;256;0;50;0
KMH;256;0;51;0
KMH;256;0;52;0
KMH;256;0;53;0
KMH;256;0;54;0
KMH;256;0;55;0
KMH;256;0;56;0
KMH;256;0;57;0
KMH;256;0;58;0
KMH;256;0;59;0
KMH;256;0;60;0
KMH;256;0;61;0
KMH;256;0;62;0
KMH;256;0;63;0
KMH;256;0;64;0
KMH;256;0;65;0
KMH;256;0;66;0
KMH;256;0;67;0
KMH;256;0;68;0
KMH;256;0;69;0
KMH;256;0;70;0
KMH;256;0;71;0
KMH;256;0;72;0
KMH;256;0;73;0
KMH;256;0;74;0
KMH;256;0;75;0
KMH;256;0;76;0
KMH;256;0;77;0
KMH;256;0;78;0
KMH;256;0;79;0
KMH;256;0;80;0
KMH;256;0;81;0
KMH;256;0;82;0
KMH;256;0;83;0
KMH;256;0;84;0
KMH;256;0;85;0
KMH;256;0;86;0
KMH;256;0;87;0
KMH;256;0;88;0
KMH;256;0;89;0
KMH;256;0;90;0
KMH;256;0;91;0
KMH;256;0;92;0
KMH;256;0;93;0
KMH;256;0;94;0
KMH;256;0;95;0
KMH;256;0;96;0
KMH;256;0;97;0
KMH;256;0;98;0
KMH;256;0;99;0
KMH;256;0;100;0
KMH;256;0.1;1;0.0820312
KMH;256;0.1;2;0.0820312
KMH;256;0.1;3;0.0820312
KMH;256;0.1;4;0.0820312
KMH;256;0.1;5;0.0820312
KMH;256;0.1;6;0.0820312
KMH;256;0.1;7;0.0820312
KMH;256;0.1;8;0.0820312
KMH;256;0.1;9;0.0859375
KMH;256;0.1;10;0.0859375
KMH;256;0.1;11;0.0859375
KMH;256;0.1;12;0.0859375
KMH;256;0.1;13;0.0820312
KMH;256;0.1;14;0.0820312
KMH;256;0.1;15;0.0820312
KMH;256;0.1;16;0.0820312
KMH;256;0.1;17;0.0820312
KMH;256;0.1;18;0.0820312
KMH;256;0.1;19;0.0820312
KMH;256;0.1;20;0.0820312
KMH;256;0.1;21;0.078125
KMH;256;0.1;22;0.078125
KMH;256;0.1;23;0.0742188
KMH;256;0.1;24;0.0742188
KMH;256;0.1;25;0.0703125
KMH;256;0.1;26;0.0703125
KMH;256;0.1;27;0.0703125
KMH;256;0.1;28;0.0703125
KMH;256;0.1;29;0.0703125
KMH;256;0.1;30;0.0703125
KMH;256;0.1;31;0.0703125
KMH;256;0.1;32;0.0703125
KMH;256;0.1;33;0.0703125
KMH;256;0.1;34;0.0742188
KMH;256;0.1;35;0.0703125
KMH;256;0.1;36;0.0703125
KMH;256;0.1;37;0.0703125
KMH;256;0.1;38;0.0703125
KMH;256;0.1;39;0.0703125
KMH;256;0.1;40;0.0703125
KMH;256;0.1;41;0.0703125
KMH;256;0.1;42;0.0703125
KMH;256;0.1;43;0.0703125
KMH;256;0.1;44;0.0703125
KMH;256;0.1;45;0.0664062
KMH;256;0.1;46;0.0703125
KMH;256;0.1;47;0.0703125
KMH;256;0.1;48;0.0703125
KMH;256;0.1;49;0.0703125
KMH;256;0.1;50;0.0703125
KMH;256;0.1;51;0.0664062
KMH;256;0.1;52;0.0664062
KMH;256;0.1;53;0.0703125
KMH;256;0.1;54;0.0703125
KMH;256;0.1;55;0.0703125
KMH;256;0.1;56;0.0703125
KMH;256;0.1;57;0.0703125
KMH;256;0.1;58;0.0703125
KMH;256;0.1;59;0.0703125
KMH;256;0.1;60;0.0703125
KMH;256;0.1;61;0.0703125
KMH;256;0.1;62;0.0703125
KMH;256;0.1;63;0.0703125
KMH;256;0.1;64;0.0703125
KMH;256;0.1;65;0.0703125
KMH;256;0.1;66;0.0664062
KMH;256;0.1;67;0.0664062
KMH;256;0.1;68;0.0664062
KMH;256;0.1;69;0.0664062
KMH;256;0.1;70;0.0664062
KMH;256;0.1;71;0.0664062
KMH;256;0.1;72;0.0664062
KMH;256;0.1;73;0.0664062
KMH;256;0.1;74;0.0625
KMH;256;0.1;75;0.0625
KMH;256;0.1;76;0.0625
KMH;256;0.1;77;0.0625
KMH;256;0.1;78;0.0625
KMH;256;0.1;79;0.0625
KMH;256;0.1;80;0.0625
KMH;256;0.1;81;0.0625
KMH;256;0.1;82;0.0625
KMH;256;0.1;83;0.0664062
KMH;256;0.1;84;0.0664062
KMH;256;0.1;85;0.0664062
KMH;256;0.1;86;0.0664062
KMH;256;0.1;87;0.0664062
KMH;256;0.1;88;0.0625
KMH;256;0.1;89;0.0664062
KMH;256;0.1;90;0.0664062
KMH;256;0.1;91;0.0664062
KMH;256;0.1;92;0.0664062
KMH;256;0.1;93;0.0664062
KMH;256;0.1;94;0.0703125
KMH;256;0.1;95;0.0703125
KMH;256;0.1;96;0.0703125
KMH;256;0.1;97;0.0703125
KMH;256;0.1;98;0.0703125
KMH;256;0.1;99;0.0703125
KMH;256;0.1;100;0.0703125
KMH;256;0.19892;1;0.234375
KMH;256;0.19892;2;0.234375
KMH;256;0.19892;3;0.234375
KMH;256;0.19892;4;0.234375
KMH;256;0.19892;5;0.234375
KMH;256;0.19892;6;0.234375
KMH;256;0.19892;7;0.234375
KMH;256;0.19892;8;0.234375
KMH;256;0.19892;9;0.238281
KMH;256;0.19892;10;0.242188
KMH;256;0.19892;11;0.242188
KMH;256;0.19892;12;0.242188
KMH;256;0.19892;13;0.242188
KMH;256;0.19892;14;0.242188
KMH;256;0.19892;15;0.242188
KMH;256;0.19892;16;0.242188
KMH;256;0.19892;17;0.242188
KMH;256;0.19892;18;0.242188
KMH;256;0.19892;19;0.242188
KMH;256;0.19892;20;0.242188
KMH;256;0.19892;21;0.242188
KMH;256;0.19892;22;0.242188
KMH;256;0.19892;23;0.242188
KMH;256;0.19892;24;0.238281
KMH;256;0.19892;25;0.238281
KMH;256;0.19892;26;0.234375
KMH;256;0.19892;27;0.234375
KMH;256;0.19892;28;0.230469
KMH;256;0.19892;29;0.230469
KMH;256;0.19892;30;0.230469
KMH;256;0.19892;31;0.230469
KMH;256;0.19892;32;0.226562
KMH;256;0.19892;33;0.226562
KMH;256;0.19892;34;0.230469
KMH;256;0.19892;35;0.234375
KMH;256;0.19892;36;0.234375
KMH;256;0.19892;37;0.234375
KMH;256;0.19892;38;0.234375
KMH;256;0.19892;39;0.234375
KMH;256;0.19892;40;0.234375
KMH;256;0.19892;41;0.234375
KMH;256;0.19892;42;0.234375
KMH;256;0.19892;43;0.234375
KMH;256;0.19892;44;0.234375
KMH;256;0.19892;45;0.234375
KMH;256;0.19892;46;0.238281
KMH;256;0.19892;47;0.234375
KMH;256;0.19892;48;0.234375
KMH;256;0.19892;49;0.234375
KMH;256;0.19892;50;0.234375
KMH;256;0.19892;51;0.234375
KMH;256;0.19892;52;0.230469
KMH;256;0.19892;53;0.230469
KMH;256;0.19892;54;0.230469
KMH;256;0.19892;55;0.230469
KMH;256;0.19892;56;0.226562
KMH;256;0.19892;57;0.230469
KMH;256;0.19892;58;0.234375
KMH;256;0.19892;59;0.234375
KMH;256;0.19892;60;0.238281
KMH;256;0.19892;61;0.238281
KMH;256;0.19892;62;0.238281
KMH;256;0.19892;63;0.238281
KMH;256;0.19892;64;0.238281
KMH;256;0.19892;65;0.238281
KMH;256;0.19892;66;0.242188
KMH;256;0.19892;67;0.242188
KMH;256;0.19892;68;0.242188
KMH;256;0.19892;69;0.242188
KMH;256;0.19892;70;0.246094
KMH;256;0.19892;71;0.242188
KMH;256;0.19892;72;0.242188
KMH;256;0.19892;73;0.242188
KMH;256;0.19892;74;0.242188
KMH;256;0.19892;75;0.242188
KMH;256;0.19892;76;0.246094
KMH;256;0.19892;77;0.242188
KMH;256;0.19892;78;0.242188
KMH;256;0.19892;79;0.242188
KMH;256;0.19892;80;0.238281
KMH;256;0.19892;81;0.238281
KMH;256;0.19892;82;0.238281
KMH;256;0.19892;83;0.238281
KMH;256;0.19892;84;0.242188
KMH;256;0.19892;85;0.238281
KMH;256;0.19892;86;0.234375
KMH;256;0.19892;87;0.230469
KMH;256;0.19892;88;0.226562
KMH;256;0.19892;89;0.226562
KMH;256;0.19892;90;0.230469
KMH;256;0.19892;91;0.230469
KMH;256;0.19892;92;0.230469
KMH;256;0.19892;93;0.234375
KMH;256;0.19892;94;0.234375
KMH;256;0.19892;95;0.238281
KMH;256;0.19892;96;0.238281
KMH;256;0.19892;97;0.234375
KMH;256;0.19892;98;0.230469
KMH;256;0.19892;99;0.234375
KMH;256;0.19892;100;0.238281
KMH;256;0.29642;1;0.285156
KMH;256;0.29642;2;0.28125
KMH;256;0.29642;3;0.285156
KMH;256;0.29642;4;0.289062
KMH;256;0.29642;5;0.289062
KMH;256;0.29642;6;0.289062
KMH;256;0.29642;7;0.285156
KMH;256;0.29642;8;0.285156
KMH;256;0.29642;9;0.28125
KMH;256;0.29642;10;0.28125
KMH;256;0.29642;11;0.28125
KMH;256;0.29642;12;0.28125
KMH;256;0.29642;13;0.28125
KMH;256;0.29642;14;0.285156
KMH;256;0.29642;15;0.285156
KMH;256;0.29642;16;0.289062
KMH;256;0.29642;17;0.289062
KMH;256;0.29642;18;0.285156
KMH;256;0.29642;19;0.285156
KMH;256;0.29642;20;0.289062
KMH;256;0.29642;21;0.285156
KMH;256;0.29642;22;0.285156
KMH;256;0.29642;23;0.285156
KMH;256;0.29642;24;0.285156
KMH;256;0.29642;25;0.285156
KMH;256;0.29642;26;0.28125
KMH;256;0.29642;27;0.285156
KMH;256;0.29642;28;0.28125
KMH;256;0.29642;29;0.285156
KMH;256;0.29642;30;0.285156
KMH;256;0.29642;31;0.289062
KMH;256;0.29642;32;0.292969
KMH;256;0.29642;33;0.289062
KMH;256;0.29642;34;0.292969
KMH;256;0.29642;35;0.292969
KMH;256;0.29642;36;0.289062
KMH;256;0.29642;37;0.289062
KMH;256;0.29642;38;0.285156
KMH;256;0.29642;39;0.285156
KMH;256;0.29642;40;0.285156
KMH;256;0.29642;41;0.289062
KMH;256;0.29642;42;0.289062
KMH;256;0.29642;43;0.292969
KMH;256;0.29642;44;0.296875
KMH;256;0.29642;45;0.292969
KMH;256;0.29642;46;0.292969
KMH;256;0.29642;47;0.292969
KMH;256;0.29642;48;0.292969
KMH;256;0.29642;49;0.292969
KMH;256;0.29642;50;0.292969
KMH;256;0.29642;51;0.292969
KMH;256;0.29642;52;0.292969
KMH;256;0.29642;53;0.289062
KMH;256;0.29642;54;0.289062
KMH;256;0.29642;55;0.292969
KMH;256;0.29642;56;0.292969
KMH;256;0.29642;57;0.296875
KMH;256;0.29642;58;0.300781
KMH;256;0.29642;59;0.300781
KMH;256;0.29642;60;0.296875
KMH;256;0.29642;61;0.300781
KMH;256;0.29642;62;0.300781
KMH;256;0.29642;63;0.300781
KMH;256;0.29642;64;0.300781
KMH;256;0.29642;65;0.304688
KMH;256;0.29642;66;0.304688
KMH;256;0.29642;67;0.308594
KMH;256;0.29642;68;0.304688
KMH;256;0.29642;69;0.308594
KMH;256;0.29642;70;0.3125
KMH;256;0.29642;71;0.316406
KMH;256;0.29642;72;0.316406
KMH;256;0.29642;73;0.3125
KMH;256;0.29642;74;0.3125
KMH;256;0.29642;75;0.3125
KMH;256;0.29642;76;0.3125
KMH;256;0.29642;77;0.316406
KMH;256;0.29642;78;0.316406
KMH;256;0.29642;79;0.316406
KMH;256;0.29642;80;0.316406
KMH;256;0.29642;81;0.316406
KMH;256;0.29642;82;0.316406
KMH;256;0.29642;83;0.316406
KMH;256;0.29642;84;0.320312
KMH;256;0.29642;85;0.324219
KMH;256;0.29642;86;0.324219
KMH;256;0.29642;87;0.324219
KMH;256;0.29642;88;0.324219
KMH;256;0.29642;89;0.324219
KMH;256;0.29642;90;0.324219
KMH;256;0.29642;91;0.320312
KMH;256;0.29642;92;0.320312
KMH;256;0.29642;93;0.316406
KMH;256;0.29642;94;0.316406
KMH;256;0.29642;95;0.316406
KMH;256;0.29642;96;0.316406
KMH;256;0.29642;97;0.3125
KMH;256;0.29642;98;0.308594
KMH;256;0.29642;99;0.3125
KMH;256;0.29642;100;0.3125
KMH;256;0.40102;1;0.402344
KMH;256;0.40102;2;0.40625
KMH;256;0.40102;3;0.402344
KMH;256;0.40102;4;0.402344
KMH;256;0.40102;5;0.40625
KMH;256;0.40102;6;0.410156
KMH;256;0.40102;7;0.410156
KMH;256;0.40102;8;0.414062
KMH;256;0.40102;9;0.414062
KMH;256;0.40102;10;0.417969
KMH;256;0.40102;11;0.421875
KMH;256;0.40102;12;0.425781
KMH;256;0.40102;13;0.421875
KMH;256;0.40102;14;0.417969
KMH;256;0.40102;15;0.417969
KMH;256;0.40102;16;0.417969
KMH;256;0.40102;17;0.414062
KMH;256;0.40102;18;0.414062
KMH;256;0.40102;19;0.414062
KMH;256;0.40102;20;0.414062
KMH;256;0.40102;21;0.414062
KMH;256;0.40102;22;0.414062
KMH;256;0.40102;23;0.414062
KMH;256;0.40102;24;0.414062
KMH;256;0.40102;25;0.414062
KMH;256;0.40102;26;0.410156
KMH;256;0.40102;27;0.414062
KMH;256;0.40102;28;0.414062
KMH;256;0.40102;29;0.417969
KMH;256;0.40102;30;0.417969
KMH;256;0.40102;31;0.414062
KMH;256;0.40102;32;0.414062
KMH;256;0.40102;33;0.414062
KMH;256;0.40102;34;0.417969
KMH;256;0.40102;35;0.421875
KMH;256;0.40102;36;0.425781
KMH;256;0.40102;37;0.425781
KMH;256;0.40102;38;0.425781
KMH;256;0.40102;39;0.425781
KMH;256;0.40102;40;0.425781
KMH;256;0.40102;41;0.425781
KMH;256;0.40102;42;0.421875
KMH;256;0.40102;43;0.425781
KMH;256;0.40102;44;0.421875
KMH;256;0.40102;45;0.417969
KMH;256;0.40102;46;0.417969
KMH;256;0.40102;47;0.417969
KMH;256;0.40102;48;0.417969
KMH;256;0.40102;49;0.417969
KMH;256;0.40102;50;0.417969
KMH;256;0.40102;51;0.414062
KMH;256;0.40102;52;0.417969
KMH;256;0.40102;53;0.421875
KMH;256;0.40102;54;0.421875
KMH;256;0.40102;55;0.417969
KMH;256;0.40102;56;0.417969
KMH;256;0.40102;57;0.417969
KMH;256;0.40102;58;0.421875
KMH;256;0.40102;59;0.425781
KMH;256;0.40102;60;0.425781
KMH;256;0.40102;61;0.425781
KMH;256;0.40102;62;0.425781
KMH;256;0.40102;63;0.429688
KMH;256;0.40102;64;0.429688
KMH;256;0.40102;65;0.433594
KMH;256;0.40102;66;0.433594
KMH;256;0.40102;67;0.4375
KMH;256;0.40102;68;0.433594
KMH;256;0.40102;69;0.433594
KMH;256;0.40102;70;0.433594
KMH;256;0.40102;71;0.433594
KMH;256;0.40102;72;0.433594
KMH;256;0.40102;73;0.4375
KMH;256;0.40102;74;0.4375
KMH;256;0.40102;75;0.433594
KMH;256;0.40102;76;0.433594
KMH;256;0.40102;77;0.433594
KMH;256;0.40102;78;0.429688
KMH;256;0.40102;79;0.429688
KMH;256;0.40102;80;0.433594
KMH;256;0.40102;81;0.433594
KMH;256;0.40102;82;0.433594
KMH;256;0.40102;83;0.433594
KMH;256;0.40102;84;0.433594
KMH;256;0.40102;85;0.429688
KMH;256;0.40102;86;0.429688
KMH;256;0.40102;87;0.429688
KMH;256;0.40102;88;0.433594
KMH;256;0.40102;89;0.433594
KMH;256;0.40102;90;0.433594
KMH;256;0.40102;91;0.433594
KMH;256;0.40102;92;0.433594
KMH;256;0.40102;93;0.433594
KMH;256;0.40102;94;0.433594
KMH;256;0.40102;95;0.4375
KMH;256;0.40102;96;0.4375
KMH;256;0.40102;97;0.4375
KMH;256;0.40102;98;0.4375
KMH;256;0.40102;99;0.4375
KMH;256;0.40102;100;0.4375
KMH;256;0.49406;1;0.503906
KMH;256;0.49406;2;0.507812
KMH;256;0.49406;3;0.511719
KMH;256;0.49406;4;0.511719
KMH;256;0.49406;5;0.515625
KMH;256;0.49406;6;0.515625
KMH;256;0.49406;7;0.511719
KMH;256;0.49406;8;0.511719
KMH;256;0.49406;9;0.511719
KMH;256;0.49406;10;0.511719
KMH;256;0.49406;11;0.507812
KMH;256;0.49406;12;0.511719
KMH;256;0.49406;13;0.507812
KMH;256;0.49406;14;0.503906
KMH;256;0.49406;15;0.503906
KMH;256;0.49406;16;0.503906
KMH;256;0.49406;17;0.503906
KMH;256;0.49406;18;0.503906
KMH;256;0.49406;19;0.503906
KMH;256;0.49406;20;0.5
KMH;256;0.49406;21;0.5
KMH;256;0.49406;22;0.5
KMH;256;0.49406;23;0.5
KMH;256;0.49406;24;0.5
KMH;256;0.49406;25;0.5
KMH;256;0.49406;26;0.5
KMH;256;0.49406;27;0.503906
KMH;256;0.49406;28;0.507812
KMH;256;0.49406;29;0.511719
KMH;256;0.49406;30;0.507812
KMH;256;0.49406;31;0.507812
KMH;256;0.49406;32;0.507812
KMH;256;0.49406;33;0.503906
KMH;256;0.49406;34;0.507812
KMH;256;0.49406;35;0.507812
KMH;256;0.49406;36;0.507812
KMH;256;0.49406;37;0.503906
KMH;256;0.49406;38;0.503906
KMH;256;0.49406;39;0.5
KMH;256;0.49406;40;0.5
KMH;256;0.49406;41;0.503906
KMH;256;0.49406;42;0.5
KMH;256;0.49406;43;0.5
KMH;256;0.49406;44;0.503906
KMH;256;0.49406;45;0.5
KMH;256;0.49406;46;0.5
KMH;256;0.49406;47;0.496094
KMH;256;0.49406;48;0.492188
KMH;256;0.49406;49;0.488281
KMH;256;0.49406;50;0.484375
KMH;256;0.49406;51;0.480469
KMH;256;0.49406;52;0.476562
KMH;256;0.49406;53;0.476562
KMH;256;0.49406;54;0.472656
KMH;256;0.49406;55;0.472656
KMH;256;0.49406;56;0.472656
KMH;256;0.49406;57;0.472656
KMH;256;0.49406;58;0.476562
KMH;256;0.49406;59;0.476562
KMH;256;0.49406;60;0.480469
KMH;256;0.49406;61;0.480469
KMH;256;0.49406;62;0.484375
KMH;256;0.49406;63;0.488281
KMH;256;0.49406;64;0.488281
KMH;256;0.49406;65;0.488281
KMH;256;0.49406;66;0.488281
KMH;256;0.49406;67;0.488281
KMH;256;0.49406;68;0.484375
KMH;256;0.49406;69;0.488281
KMH;256;0.49406;70;0.488281
KMH;256;0.49406;71;0.488281
KMH;256;0.49406;72;0.484375
KMH;256;0.49406;73;0.484375
KMH;256;0.49406;74;0.484375
KMH;256;0.49406;75;0.484375
KMH;256;0.49406;76;0.488281
KMH;256;0.49406;77;0.488281
KMH;256;0.49406;78;0.492188
KMH;256;0.49406;79;0.492188
KMH;256;0.49406;80;0.492188
KMH;256;0.49406;81;0.492188
KMH;256;0.49406;82;0.488281
KMH;256;0.49406;83;0.492188
KMH;256;0.49406;84;0.492188
KMH;256;0.49406;85;0.492188
KMH;256;0.49406;86;0.492188
KMH;256;0.49406;87;0.492188
KMH;256;0.49406;88;0.492188
KMH;256;0.49406;89;0.488281
KMH;256;0.49406;90;0.488281
KMH;256;0.49406;91;0.488281
KMH;256;0.49406;92;0.492188
KMH;256;0.49406;93;0.496094
KMH;256;0.49406;94;0.496094
KMH;256;0.49406;95;0.496094
KMH;256;0.49406;96;0.492188
KMH;256;0.49406;97;0.492188
KMH;256;0.49406;98;0.496094
KMH;256;0.49406;99;0.492188
KMH;256;0.49406;100;0.488281
KMH;256;0.59648;1;0.632812
KMH;256;0.59648;2;0.628906
KMH;256;0.59648;3;0.628906
KMH;256;0.59648;4;0.628906
KMH;256;0.59648;5;0.632812
KMH;256;0.59648;6;0.628906
KMH;256;0.59648;7;0.628906
KMH;256;0.59648;8;0.625
KMH;256;0.59648;9;0.628906
KMH;256;0.59648;10;0.628906
KMH;256;0.59648;11;0.632812
KMH;256;0.59648;12;0.632812
KMH;256;0.59648;13;0.632812
KMH;256;0.59648;14;0.632812
KMH;256;0.59648;15;0.628906
KMH;256;0.59648;16;0.628906
KMH;256;0.59648;17;0.628906
KMH;256;0.59648;18;0.632812
KMH;256;0.59648;19;0.636719
KMH;256;0.59648;20;0.632812
KMH;256;0.59648;21;0.632812
KMH;256;0.59648;22;0.636719
KMH;256;0.59648;23;0.636719
KMH;256;0.59648;24;0.636719
KMH;256;0.59648;25;0.636719
KMH;256;0.59648;26;0.636719
KMH;256;0.59648;27;0.636719
KMH;256;0.59648;28;0.636719
KMH;256;0.59648;29;0.632812
KMH;256;0.59648;30;0.628906
KMH;256;0.59648;31;0.632812
KMH;256;0.59648;32;0.632812
KMH;256;0.59648;33;0.636719
KMH;256;0.59648;34;0.636719
KMH;256;0.59648;35;0.632812
KMH;256;0.59648;36;0.636719
KMH;256;0.59648;37;0.640625
KMH;256;0.59648;38;0.640625
KMH;256;0.59648;39;0.640625
KMH;256;0.59648;40;0.640625
KMH;256;0.59648;41;0.636719
KMH;256;0.59648;42;0.632812
KMH;256;0.59648;43;0.628906
KMH;256;0.59648;44;0.625
KMH;256;0.59648;45;0.625
KMH;256;0.59648;46;0.621094
KMH;256;0.59648;47;0.625
KMH;256;0.59648;48;0.621094
KMH;256;0.59648;49;0.617188
KMH;256;0.59648;50;0.613281
KMH;256;0.59648;51;0.613281
KMH;256;0.59648;52;0.617188
KMH;256;0.59648;53;0.617188
KMH;256;0.59648;54;0.613281
KMH;256;0.59648;55;0.609375
KMH;256;0.59648;56;0.609375
KMH;256;0.59648;57;0.609375
KMH;256;0.59648;58;0.609375
KMH;256;0.59648;59;0.605469
KMH;256;0.59648;60;0.605469
KMH;256;0.59648;61;0.605469
KMH;256;0.59648;62;0.609375
KMH;256;0.59648;63;0.613281
KMH;256;0.59648;64;0.617188
KMH;256;0.59648;65;0.621094
KMH;256;0.59648;66;0.621094
KMH;256;0.59648;67;0.621094
KMH;256;0.59648;68;0.625
KMH;256;0.59648;69;0.625
KMH;256;0.59648;70;0.625
KMH;256;0.59648;71;0.621094
KMH;256;0.59648;72;0.621094
KMH;256;0.59648;73;0.621094
KMH;256;0.59648;74;0.617188
KMH;256;0.59648;75;0.617188
KMH;256;0.59648;76;0.621094
KMH;256;0.59648;77;0.617188
KMH;256;0.59648;78;0.617188
KMH;256;0.59648;79;0.621094
KMH;256;0.59648;80;0.621094
KMH;256;0.59648;81;0.621094
KMH;256;0.59648;82;0.621094
KMH;256;0.59648;83;0.621094
KMH;256;0.59648;84;0.617188
KMH;256;0.59648;85;0.617188
KMH;256;0.59648;86;0.613281
KMH;256;0.59648;87;0.613281
KMH;256;0.59648;88;0.613281
KMH;256;0.59648;89;0.609375
KMH;256;0.59648;90;0.609375
KMH;256;0.59648;91;0.605469
KMH;256;0.59648;92;0.605469
KMH;256;0.59648;93;0.605469
KMH;256;0.59648;94;0.605469
KMH;256;0.59648;95;0.605469
KMH;256;0.59648;96;0.605469
KMH;256;0.59648;97;0.605469
KMH;256;0.59648;98;0.601562
KMH;256;0.59648;99;0.601562
KMH;256;0.59648;100;0.601562
KMH;256;0.70048;1;0.699219
KMH;256;0.70048;2;0.699219
KMH;256;0.70048;3;0.699219
KMH;256;0.70048;4;0.695312
KMH;256;0.70048;5;0.695312
KMH;256;0.70048;6;0.695312
KMH;256;0.70048;7;0.695312
KMH;256;0.70048;8;0.695312
KMH;256;0.70048;9;0.699219
KMH;256;0.70048;10;0.695312
KMH;256;0.70048;11;0.695312
KMH;256;0.70048;12;0.695312
KMH;256;0.70048;13;0.695312
KMH;256;0.70048;14;0.695312
KMH;256;0.70048;15;0.695312
KMH;256;0.70048;16;0.695312
KMH;256;0.70048;17;0.699219
KMH;256;0.70048;18;0.695312
KMH;256;0.70048;19;0.695312
KMH;256;0.70048;20;0.695312
KMH;256;0.70048;21;0.695312
KMH;256;0.70048;22;0.695312
KMH;256;0.70048;23;0.695312
KMH;256;0.70048;24;0.699219
KMH;256;0.70048;25;0.699219
KMH;256;0.70048;26;0.695312
KMH;256;0.70048;27;0.691406
KMH;256;0.70048;28;0.691406
KMH;256;0.70048;29;0.695312
KMH;256;0.70048;30;0.691406
KMH;256;0.70048;31;0.691406
KMH;256;0.70048;32;0.691406
KMH;256;0.70048;33;0.695312
KMH;256;0.70048;34;0.699219
KMH;256;0.70048;35;0.703125
KMH;256;0.70048;36;0.703125
KMH;256;0.70048;37;0.707031
KMH;256;0.70048;38;0.710938
KMH;256;0.70048;39;0.710938
KMH;256;0.70048;40;0.710938
KMH;256;0.70048;41;0.707031
KMH;256;0.70048;42;0.710938
KMH;256;0.70048;43;0.710938
KMH;256;0.70048;44;0.707031
KMH;256;0.70048;45;0.710938
KMH;256;0.70048;46;0.710938
KMH;256;0.70048;47;0.710938
KMH;256;0.70048;48;0.710938
KMH;256;0.70048;49;0.707031
KMH;256;0.70048;50;0.707031
KMH;256;0.70048;51;0.707031
KMH;256;0.70048;52;0.710938
KMH;256;0.70048;53;0.714844
KMH;256;0.70048;54;0.710938
KMH;256;0.70048;55;0.707031
KMH;256;0.70048;56;0.707031
KMH;256;0.70048;57;0.707031
KMH;256;0.70048;58;0.707031
KMH;256;0.70048;59;0.707031
KMH;256;0.70048;60;0.710938
KMH;256;0.70048;61;0.714844
KMH;256;0.70048;62;0.714844
KMH;256;0.70048;63;0.714844
KMH;256;0.70048;64;0.71875
KMH;256;0.70048;65;0.722656
KMH;256;0.70048;66;0.71875
KMH;256;0.70048;67;0.722656
KMH;256;0.70048;68;0.722656
KMH;256;0.70048;69;0.722656
KMH;256;0.70048;70;0.722656
KMH;256;0.70048;71;0.722656
KMH;256;0.70048;72;0.722656
KMH;256;0.70048;73;0.722656
KMH;256;0.70048;74;0.722656
KMH;256;0.70048;75;0.722656
KMH;256;0.70048;76;0.722656
KMH;256;0.70048;77;0.726562
KMH;256;0.70048;78;0.730469
KMH;256;0.70048;79;0.730469
KMH;256;0.70048;80;0.730469
KMH;256;0.70048;81;0.726562
KMH;256;0.70048;82;0.726562
KMH;256;0.70048;83;0.726562
KMH;256;0.70048;84;0.726562
KMH;256;0.70048;85;0.726562
KMH;256;0.70048;86;0.730469
KMH;256;0.70048;87;0.734375
KMH;256;0.70048;88;0.734375
KMH;256;0.70048;89;0.734375
KMH;256;0.70048;90;0.730469
KMH;256;0.70048;91;0.730469
KMH;256;0.70048;92;0.730469
KMH;256;0.70048;93;0.734375
KMH;256;0.70048;94;0.734375
KMH;256;0.70048;95;0.738281
KMH;256;0.70048;96;0.738281
KMH;256;0.70048;97;0.742188
KMH;256;0.70048;98;0.742188
KMH;256;0.70048;99;0.742188
KMH;256;0.70048;100;0.742188
KMH;256;0.79692;1;0.800781
KMH;256;0.79692;2;0.800781
KMH;256;0.79692;3;0.800781
KMH;256;0.79692;4;0.796875
KMH;256;0.79692;5;0.796875
KMH;256;0.79692;6;0.800781
KMH;256;0.79692;7;0.800781
KMH;256;0.79692;8;0.796875
KMH;256;0.79692;9;0.796875
KMH;256;0.79692;10;0.796875
KMH;256;0.79692;11;0.792969
KMH;256;0.79692;12;0.792969
KMH;256;0.79692;13;0.789062
KMH;256;0.79692;14;0.789062
KMH;256;0.79692;15;0.789062
KMH;256;0.79692;16;0.789062
KMH;256;0.79692;17;0.789062
KMH;256;0.79692;18;0.789062
KMH;256;0.79692;19;0.789062
KMH;256;0.79692;20;0.789062
KMH;256;0.79692;21;0.789062
KMH;256;0.79692;22;0.789062
KMH;256;0.79692;23;0.792969
KMH;256;0.79692;24;0.789062
KMH;256;0.79692;25;0.789062
KMH;256;0.79692;26;0.789062
KMH;256;0.79692;27;0.785156
KMH;256;0.79692;28;0.785156
KMH;256;0.79692;29;0.785156
KMH;256;0.79692;30;0.785156
KMH;256;0.79692;31;0.785156
KMH;256;0.79692;32;0.78125
KMH;256;0.79692;33;0.777344
KMH;256;0.79692;34;0.78125
KMH;256;0.79692;35;0.78125
KMH;256;0.79692;36;0.78125
KMH;256;0.79692;37;0.785156
KMH;256;0.79692;38;0.789062
KMH;256;0.79692;39;0.789062
KMH;256;0.79692;40;0.789062
KMH;256;0.79692;41;0.785156
KMH;256;0.79692;42;0.785156
KMH;256;0.79692;43;0.78125
KMH;256;0.79692;44;0.78125
KMH;256;0.79692;45;0.78125
KMH;256;0.79692;46;0.78125
KMH;256;0.79692;47;0.78125
KMH;256;0.79692;48;0.78125
KMH;256;0.79692;49;0.78125
KMH;256;0.79692;50;0.78125
KMH;256;0.79692;51;0.785156
KMH;256;0.79692;52;0.785156
KMH;256;0.79692;53;0.785156
KMH;256;0.79692;54;0.789062
KMH;256;0.79692;55;0.789062
KMH;256;0.79692;56;0.789062
KMH;256;0.79692;57;0.789062
KMH;256;0.79692;58;0.789062
KMH;256;0.79692;59;0.792969
KMH;256;0.79692;60;0.796875
KMH;256;0.79692;61;0.796875
KMH;256;0.79692;62;0.800781
KMH;256;0.79692;63;0.796875
KMH;256;0.79692;64;0.796875
KMH;256;0.79692;65;0.796875
KMH;256;0.79692;66;0.796875
KMH;256;0.79692;67;0.792969
KMH;256;0.79692;68;0.792969
KMH;256;0.79692;69;0.792969
KMH;256;0.79692;70;0.796875
KMH;256;0.79692;71;0.792969
KMH;256;0.79692;72;0.792969
KMH;256;0.79692;73;0.792969
KMH;256;0.79692;74;0.796875
KMH;256;0.79692;75;0.796875
KMH;256;0.79692;76;0.796875
KMH;256;0.79692;77;0.796875
KMH;256;0.79692;78;0.796875
KMH;256;0.79692;79;0.796875
KMH;256;0.79692;80;0.796875
KMH;256;0.79692;81;0.796875
KMH;256;0.79692;82;0.792969
KMH;256;0.79692;83;0.792969
KMH;256;0.79692;84;0.796875
KMH;256;0.79692;85;0.796875
KMH;256;0.79692;86;0.800781
KMH;256;0.79692;87;0.800781
KMH;256;0.79692;88;0.800781
KMH;256;0.79692;89;0.800781
KMH;256;0.79692;90;0.800781
KMH;256;0.79692;91;0.800781
KMH;256;0.79692;92;0.800781
KMH;256;0.79692;93;0.800781
KMH;256;0.79692;94;0.800781
KMH;256;0.79692;95;0.800781
KMH;256;0.79692;96;0.800781
KMH;256;0.79692;97;0.796875
KMH;256;0.79692;98;0.796875
KMH;256;0.79692;99;0.796875
KMH;256;0.79692;100;0.796875
KMH;256;0.901;1;0.894531
KMH;256;0.901;2;0.894531
KMH;256;0.901;3;0.894531
KMH;256;0.901;4;0.894531
KMH;256;0.901;5;0.894531
KMH;256;0.901;6;0.894531
KMH;256;0.901;7;0.894531
KMH;256;0.901;8;0.894531
KMH;256;0.901;9;0.894531
KMH;256;0.901;10;0.890625
KMH;256;0.901;11;0.890625
KMH;256;0.901;12;0.890625
KMH;256;0.901;13;0.890625
KMH;256;0.901;14;0.890625
KMH;256;0.901;15;0.894531
KMH;256;0.901;16;0.894531
KMH;256;0.901;17;0.894531
KMH;256;0.901;18;0.894531
KMH;256;0.901;19;0.894531
KMH;256;0.901;20;0.894531
KMH;256;0.901;21;0.894531
KMH;256;0.901;22;0.890625
KMH;256;0.901;23;0.894531
KMH;256;0.901;24;0.894531
KMH;256;0.901;25;0.890625
KMH;256;0.901;26;0.894531
KMH;256;0.901;27;0.894531
KMH;256;0.901;28;0.894531
KMH;256;0.901;29;0.894531
KMH;256;0.901;30;0.894531
KMH;256;0.901;31;0.894531
KMH;256;0.901;32;0.894531
KMH;256;0.901;33;0.898438
KMH;256;0.901;34;0.898438
KMH;256;0.901;35;0.894531
KMH;256;0.901;36;0.894531
KMH;256;0.901;37;0.894531
KMH;256;0.901;38;0.894531
KMH;256;0.901;39;0.890625
KMH;256;0.901;40;0.890625
KMH;256;0.901;41;0.890625
KMH;256;0.901;42;0.890625
KMH;256;0.901;43;0.890625
KMH;256;0.901;44;0.890625
KMH;256;0.901;45;0.890625
KMH;256;0.901;46;0.890625
KMH;256;0.901;47;0.890625
KMH;256;0.901;48;0.890625
KMH;256;0.901;49;0.890625
KMH;256;0.901;50;0.890625
KMH;256;0.901;51;0.890625
KMH;256;0.901;52;0.886719
KMH;256;0.901;53;0.886719
KMH;256;0.901;54;0.882812
KMH;256;0.901;55;0.882812
KMH;256;0.901;56;0.882812
KMH;256;0.901;57;0.882812
KMH;256;0.901;58;0.878906
KMH;256;0.901;59;0.878906
KMH;256;0.901;60;0.875
KMH;256;0.901;61;0.875
KMH;256;0.901;62;0.878906
KMH;256;0.901;63;0.882812
KMH;256;0.901;64;0.882812
KMH;256;0.901;65;0.882812
KMH;256;0.901;66;0.882812
KMH;256;0.901;67;0.882812
KMH;256;0.901;68;0.886719
KMH;256;0.901;69;0.886719
KMH;256;0.901;70;0.886719
KMH;256;0.901;71;0.886719
KMH;256;0.901;72;0.886719
KMH;256;0.901;73;0.886719
KMH;256;0.901;74;0.886719
KMH;256;0.901;75;0.886719
KMH;256;0.901;76;0.886719
KMH;256;0.901;77;0.886719
KMH;256;0.901;78;0.886719
KMH;256;0.901;79;0.886719
KMH;256;0.901;80;0.886719
KMH;256;0.901;81;0.886719
KMH;256;0.901;82;0.886719
KMH;256;0.901;83;0.890625
KMH;256;0.901;84;0.890625
KMH;256;0.901;85;0.890625
KMH;256;0.901;86;0.890625
KMH;256;0.901;87;0.890625
KMH;256;0.901;88;0.890625
KMH;256;0.901;89;0.890625
KMH;256;0.901;90;0.890625
KMH;256;0.901;91;0.890625
KMH;256;0.901;92;0.890625
KMH;256;0.901;93;0.890625
KMH;256;0.901;94;0.894531
KMH;256;0.901;95;0.894531
KMH;256;0.901;96;0.894531
KMH;256;0.901;97;0.894531
KMH;256;0.901;98;0.894531
KMH;256;0.901;99;0.894531
KMH;256;0.901;100;0.898438
KMH;256;1;1;1
KMH;256;1;2;1
KMH;256;1;3;1
KMH;256;1;4;1
KMH;256;1;5;1
KMH;256;1;6;1
KMH;256;1;7;1
KMH;256;1;8;1
KMH;256;1;9;1
KMH;256;1;10;1
KMH;256;1;11;1
KMH;256;1;12;1
KMH;256;1;13;1
KMH;256;1;14;1
KMH;256;1;15;1
KMH;256;1;16;1
KMH;256;1;17;1
KMH;256;1;18;1
KMH;256;1;19;1
KMH;256;1;20;1
KMH;256;1;21;1
KMH;256;1;22;1
KMH;256;1;23;1
KMH;256;1;24;1
KMH;256;1;25;1
KMH;256;1;26;1
KMH;256;1;27;1
KMH;256;1;28;1
KMH;256;1;29;1
KMH;256;1;30;1
KMH;256;1;31;1
KMH;256;1;32;1
KMH;256;1;33;1
KMH;256;1;34;1
KMH;256;1;35;1
KMH;256;1;36;1
KMH;256;1;37;1
KMH;256;1;38;1
KMH;256;1;39;1
KMH;256;1;40;1
KMH;256;1;41;1
KMH;256;1;42;1
KMH;256;1;43;1
KMH;256;1;44;1
KMH;256;1;45;1
KMH;256;1;46;1
KMH;256;1;47;1
KMH;256;1;48;1
KMH;256;1;49;1
KMH;256;1;50;1
KMH;256;1;51;1
KMH;256;1;52;1
KMH;256;1;53;1
KMH;256;1;54;1
KMH;256;1;55;1
KMH;256;1;56;1
KMH;256;1;57;1
KMH;256;1;58;1
KMH;256;1;59;1
KMH;256;1;60;1
KMH;256;1;61;1
KMH;256;1;62;1
KMH;256;1;63;1
KMH;256;1;64;1
KMH;256;1;65;1
KMH;256;1;66;1
KMH;256;1;67;1
KMH;256;1;68;1
KMH;256;1;69;1
KMH;256;1;70;1
KMH;256;1;71;1
KMH;256;1;72;1
KMH;256;1;73;1
KMH;256;1;74;1
KMH;256;1;75;1
KMH;256;1;76;1
KMH;256;1;77;1
KMH;256;1;78;1
KMH;256;1;79;1
KMH;256;1;80;1
KMH;256;1;81;1
KMH;256;1;82;1
KMH;256;1;83;1
KMH;256;1;84;1
KMH;256;1;85;1
KMH;256;1;86;1
KMH;256;1;87;1
KMH;256;1;88;1
KMH;256;1;89;1
KMH;256;1;90;1
KMH;256;1;91;1
KMH;256;1;92;1
KMH;256;1;93;1
KMH;256;1;94;1
KMH;256;1;95;1
KMH;256;1;96;1
KMH;256;1;97;1
KMH;256;1;98;1
KMH;256;1;99;1
KMH;256;1;100;1
KMH;4096;0;1;0
KMH;4096;0;2;0
KMH;4096;0;3;0
KMH;4096;0;4;0
KMH;4096;0;5;0
KMH;4096;0;6;0
KMH;4096;0;7;0
KMH;4096;0;8;0
KMH;4096;0;9;0
KMH;4096;0;10;0
KMH;4096;0;11;0
KMH;4096;0;12;0
KMH;4096;0;13;0
KMH;4096;0;14;0
KMH;4096;0;15;0
KMH;4096;0;16;0
KMH;4096;0;17;0
KMH;4096;0;18;0
KMH;4096;0;19;0
KMH;4096;0;20;0
KMH;4096;0;21;0
KMH;4096;0;22;0
KMH;4096;0;23;0
KMH;4096;0;24;0
KMH;4096;0;25;0
KMH;4096;0;26;0
KMH;4096;0;27;0
KMH;4096;0;28;0
KMH;4096;0;29;0
KMH;4096;0;30;0
KMH;4096;0;31;0
KMH;4096;0;32;0
KMH;4096;0;33;0
KMH;4096;0;34;0
KMH;4096;0;35;0
KMH;4096;0;36;0
KMH;4096;0;37;0
KMH;4096;0;38;0
KMH;4096;0;39;0
KMH;4096;0;40;0
KMH;4096;0;41;0
KMH;4096;0;42;0
KMH;4096;0;43;0
KMH;4096;0;44;0
KMH;4096;0;45;0
KMH;4096;0;46;0
KMH;4096;0;47;0
KMH;4096;0;48;0
KMH;4096;0;49;0
KMH;4096;0;50;0
KMH;4096;0;51;0
KMH;4096;0;52;0
KMH;4096;0;53;0
KMH;4096;0;54;0
KMH;4096;0;55;0
KMH;4096;0;56;0
KMH;4096;0;57;0
KMH;4096;0;58;0
KMH;4096;0;59;0
KMH;4096;0;60;0
KMH;4096;0;61;0
KMH;4096;0;62;0
KMH;4096;0;63;0
KMH;4096;0;64;0
KMH;4096;0;65;0
KMH;4096;0;66;0
KMH;4096;0;67;0
KMH;4096;0;68;0
KMH;4096;0;69;0
KMH;4096;0;70;0
KMH;4096;0;71;0
KMH;4096;0;72;0
KMH;4096;0;73;0
KMH;4096;0;74;0
KMH;4096;0;75;0
KMH;4096;0;76;0
KMH;4096;0;77;0
KMH;4096;0;78;0
KMH;4096;0;79;0
KMH;4096;0;80;0
KMH;4096;0;81;0
KMH;4096;0;82;0
KMH;4096;0;83;0
KMH;4096;0;84;0
KMH;4096;0;85;0
KMH;4096;0;86;0
KMH;4096;0;87;0
KMH;4096;0;88;0
KMH;4096;0;89;0
KMH;4096;0;90;0
KMH;4096;0;91;0
KMH;4096;0;92;0
KMH;4096;0;93;0
KMH;4096;0;94;0
KMH;4096;0;95;0
KMH;4096;0;96;0
KMH;4096;0;97;0
KMH;4096;0;98;0
KMH;4096;0;99;0
KMH;4096;0;100;0
KMH;4096;0.09988;1;0.106201
KMH;4096;0.09988;2;0.105957
KMH;4096;0.09988;3;0.105957
KMH;4096;0.09988;4;0.105957
KMH;4096;0.09988;5;0.105957
KMH;4096;0.09988;6;0.105957
KMH;4096;0.09988;7;0.105957
KMH;4096;0.09988;8;0.105957
KMH;4096;0.09988;9;0.106201
KMH;4096;0.09988;10;0.106201
KMH;4096;0.09988;11;0.106201
KMH;4096;0.09988;12;0.106201
KMH;4096;0.09988;13;0.106201
KMH;4096;0.09988;14;0.106201
KMH;4096;0.09988;15;0.106201
KMH;4096;0.09988;16;0.105957
KMH;4096;0.09988;17;0.105957
KMH;4096;0.09988;18;0.105957
KMH;4096;0.09988;19;0.105957
KMH;4096;0.09988;20;0.105957
KMH;4096;0.09988;21;0.105957
KMH;4096;0.09988;22;0.105957
KMH;4096;0.09988;23;0.105957
KMH;4096;0.09988;24;0.105957
KMH;4096;0.09988;25;0.105957
KMH;4096;0.09988;26;0.105957
KMH;4096;0.09988;27;0.106201
KMH;4096;0.09988;28;0.106201
KMH;4096;0.09988;29;0.106201
KMH;4096;0.09988;30;0.106201
KMH;4096;0.09988;31;0.106201
KMH;4096;0.09988;32;0.106201
KMH;4096;0.09988;33;0.106201
KMH;4096;0.09988;34;0.106201
KMH;4096;0.09988;35;0.106201
KMH;4096;0.09988;36;0.106201
KMH;4096;0.09988;37;0.106201
KMH;4096;0.09988;38;0.106201
KMH;4096;0.09988;39;0.106201
KMH;4096;0.09988;40;0.106201
KMH;4096;0.09988;41;0.106201
KMH;4096;0.09988;42;0.106201
KMH;4096;0.09988;43;0.106201
KMH;4096;0.09988;44;0.106201
KMH;4096;0.09988;45;0.106201
KMH;4096;0.09988;46;0.105957
KMH;4096;0.09988;47;0.105957
KMH;4096;0.09988;48;0.105713
KMH;4096;0.09988;49;0.105713
KMH;4096;0.09988;50;0.105713
KMH;4096;0.09988;51;0.105713
KMH;4096;0.09988;52;0.105713
KMH;4096;0.09988;53;0.105713
KMH;4096;0.09988;54;0.105713
KMH;4096;0.09988;55;0.105713
KMH;4096;0.09988;56;0.105713
KMH;4096;0.09988;57;0.105713
KMH;4096;0.09988;58;0.105713
KMH;4096;0.09988;59;0.105713
KMH;4096;0.09988;60;0.105713
KMH;4096;0.09988;61;0.105713
KMH;4096;0.09988;62;0.105713
KMH;4096;0.09988;63;0.105713
KMH;4096;0.09988;64;0.105713
KMH;4096;0.09988;65;0.105713
KMH;4096;0.09988;66;0.105713
KMH;4096;0.09988;67;0.105713
KMH;4096;0.09988;68;0.105713
KMH;4096;0.09988;69;0.105713
KMH;4096;0.09988;70;0.105713
KMH;4096;0.09988;71;0.105713
KMH;4096;0.09988;72;0.105713
KMH;4096;0.09988;73;0.105713
KMH;4096;0.09988;74;0.105713
KMH;4096;0.09988;75;0.105469
KMH;4096;0.09988;76;0.105469
KMH;4096;0.09988;77;0.105469
KMH;4096;0.09988;78;0.105469
KMH;4096;0.09988;79;0.105713
KMH;4096;0.09988;80;0.105469
KMH;4096;0.09988;81;0.105469
KMH;4096;0.09988;82;0.105469
KMH;4096;0.09988;83;0.105469
KMH;4096;0.09988;84;0.105469
KMH;4096;0.09988;85;0.105469
KMH;4096;0.09988;86;0.105469
KMH;4096;0.09988;87;0.105469
KMH;4096;0.09988;88;0.105469
KMH;4096;0.09988;89;0.105469
KMH;4096;0.09988;90;0.105469
KMH;4096;0.09988;91;0.105469
KMH;4096;0.09988;92;0.105469
KMH;4096;0.09988;93;0.105469
KMH;4096;0.09988;94;0.105469
KMH;4096;0.09988;95;0.105469
KMH;4096;0.09988;96;0.105469
KMH;4096;0.09988;97;0.105469
KMH;4096;0.09988;98;0.105469
KMH;4096;0.09988;99;0.105225
KMH;4096;0.09988;100;0.105225
KMH;4096;0.199;1;0.207764
KMH;4096;0.199;2;0.207764
KMH;4096;0.199;3;0.207764
KMH;4096;0.199;4;0.207764
KMH;4096;0.199;5;0.208008
KMH;4096;0.199;6;0.208008
KMH;4096;0.199;7;0.208008
KMH;4096;0.199;8;0.208008
KMH;4096;0.199;9;0.208008
KMH;4096;0.199;10;0.208008
KMH;4096;0.199;11;0.208008
KMH;4096;0.199;12;0.208008
KMH;4096;0.199;13;0.208008
KMH;4096;0.199;14;0.208008
KMH;4096;0.199;15;0.208008
KMH;4096;0.199;16;0.208008
KMH;4096;0.199;17;0.207764
KMH;4096;0.199;18;0.207764
KMH;4096;0.199;19;0.208008
KMH;4096;0.199;20;0.208008
KMH;4096;0.199;21;0.207764
KMH;4096;0.199;22;0.207764
KMH;4096;0.199;23;0.20752
KMH;4096;0.199;24;0.20752
KMH;4096;0.199;25;0.207764
KMH;4096;0.199;26;0.208008
KMH;4096;0.199;27;0.208008
KMH;4096;0.199;28;0.208008
KMH;4096;0.199;29;0.207764
KMH;4096;0.199;30;0.207764
KMH;4096;0.199;31;0.207764
KMH;4096;0.199;32;0.207764
KMH;4096;0.199;33;0.208008
KMH;4096;0.199;34;0.208252
KMH;4096;0.199;35;0.208252
KMH;4096;0.199;36;0.208252
KMH;4096;0.199;37;0.208252
KMH;4096;0.199;38;0.208008
KMH;4096;0.199;39;0.208008
KMH;4096;0.199;40;0.208008
KMH;4096;0.199;41;0.208008
KMH;4096;0.199;42;0.208252
KMH;4096;0.199;43;0.208252
KMH;4096;0.199;44;0.208496
KMH;4096;0.199;45;0.208496
KMH;4096;0.199;46;0.20874
KMH;4096;0.199;47;0.208496
KMH;4096;0.199;48;0.208496
KMH;4096;0.199;49;0.208496
KMH;4096;0.199;50;0.208496
KMH;4096;0.199;51;0.208496
KMH;4096;0.199;52;0.208496
KMH;4096;0.199;53;0.208496
KMH;4096;0.199;54;0.208252
KMH;4096;0.199;55;0.208252
KMH;4096;0.199;56;0.208252
KMH;4096;0.199;57;0.208008
KMH;4096;0.199;58;0.208008
KMH;4096;0.199;59;0.208008
KMH;4096;0.199;60;0.208008
KMH;4096;0.199;61;0.208252
KMH;4096;0.199;62;0.208252
KMH;4096;0.199;63;0.208252
KMH;4096;0.199;64;0.208496
KMH;4096;0.199;65;0.208252
KMH;4096;0.199;66;0.208252
KMH;4096;0.199;67;0.208252
KMH;4096;0.199;68;0.208252
KMH;4096;0.199;69;0.208252
KMH;4096;0.199;70;0.208252
KMH;4096;0.199;71;0.208496
KMH;4096;0.199;72;0.208496
KMH;4096;0.199;73;0.208496
KMH;4096;0.199;74;0.208496
KMH;4096;0.199;75;0.208496
KMH;4096;0.199;76;0.208252
KMH;4096;0.199;77;0.208008
KMH;4096;0.199;78;0.208008
KMH;4096;0.199;79;0.208008
KMH;4096;0.199;80;0.208008
KMH;4096;0.199;81;0.208008
KMH;4096;0.199;82;0.208008
KMH;4096;0.199;83;0.207764
KMH;4096;0.199;84;0.20752
KMH;4096;0.199;85;0.20752
KMH;4096;0.199;86;0.207275
KMH;4096;0.199;87;0.20752
KMH;4096;0.199;88;0.20752
KMH;4096;0.199;89;0.20752
KMH;4096;0.199;90;0.20752
KMH;4096;0.199;91;0.207764
KMH;4096;0.199;92;0.207764
KMH;4096;0.199;93;0.20752
KMH;4096;0.199;94;0.20752
KMH;4096;0.199;95;0.207764
KMH;4096;0.199;96;0.207764
KMH;4096;0.199;97;0.207764
KMH;4096;0.199;98;0.207764
KMH;4096;0.199;99;0.207764
KMH;4096;0.199;100;0.207764
KMH;4096;0.30154;1;0.31665
KMH;4096;0.30154;2;0.316895
KMH;4096;0.30154;3;0.316895
KMH;4096;0.30154;4;0.316895
KMH;4096;0.30154;5;0.316895
KMH;4096;0.30154;6;0.31665
KMH;4096;0.30154;7;0.316406
KMH;4096;0.30154;8;0.316162
KMH;4096;0.30154;9;0.316162
KMH;4096;0.30154;10;0.316406
KMH;4096;0.30154;11;0.316406
KMH;4096;0.30154;12;0.31665
KMH;4096;0.30154;13;0.316895
KMH;4096;0.30154;14;0.31665
KMH;4096;0.30154;15;0.316895
KMH;4096;0.30154;16;0.316895
KMH;4096;0.30154;17;0.317139
KMH;4096;0.30154;18;0.317383
KMH;4096;0.30154;19;0.317383
KMH;4096;0.30154;20;0.317383
KMH;4096;0.30154;21;0.317383
KMH;4096;0.30154;22;0.317139
KMH;4096;0.30154;23;0.317139
KMH;4096;0.30154;24;0.317383
KMH;4096;0.30154;25;0.317383
KMH;4096;0.30154;26;0.317383
KMH;4096;0.30154;27;0.317383
KMH;4096;0.30154;28;0.317627
KMH;4096;0.30154;29;0.317627
KMH;4096;0.30154;30;0.317383
KMH;4096;0.30154;31;0.317383
KMH;4096;0.30154;32;0.317383
KMH;4096;0.30154;33;0.317383
KMH;4096;0.30154;34;0.317383
KMH;4096;0.30154;35;0.317139
KMH;4096;0.30154;36;0.317139
KMH;4096;0.30154;37;0.317383
KMH;4096;0.30154;38;0.317383
KMH;4096;0.30154;39;0.317383
KMH;4096;0.30154;40;0.317383
KMH;4096;0.30154;41;0.317627
KMH;4096;0.30154;42;0.317627
KMH;4096;0.30154;43;0.317627
KMH;4096;0.30154;44;0.317871
KMH;4096;0.30154;45;0.317871
KMH;4096;0.30154;46;0.318115
KMH;4096;0.30154;47;0.318115
KMH;4096;0.30154;48;0.318115
KMH;4096;0.30154;49;0.318115
KMH;4096;0.30154;50;0.318359
KMH;4096;0.30154;51;0.318115
KMH;4096;0.30154;52;0.317871
KMH;4096;0.30154;53;0.317871
KMH;4096;0.30154;54;0.317871
KMH;4096;0.30154;55;0.317871
KMH;4096;0.30154;56;0.317871
KMH;4096;0.30154;57;0.317627
KMH;4096;0.30154;58;0.317383
KMH;4096;0.30154;59;0.317383
KMH;4096;0.30154;60;0.317383
KMH;4096;0.30154;61;0.317627
KMH;4096;0.30154;62;0.317383
KMH;4096;0.30154;63;0.317627
KMH;4096;0.30154;64;0.317383
KMH;4096;0.30154;65;0.317383
KMH;4096;0.30154;66;0.317139
KMH;4096;0.30154;67;0.317139
KMH;4096;0.30154;68;0.317383
KMH;4096;0.30154;69;0.317627
KMH;4096;0.30154;70;0.317383
KMH;4096;0.30154;71;0.317383
KMH;4096;0.30154;72;0.317383
KMH;4096;0.30154;73;0.317139
KMH;4096;0.30154;74;0.317139
KMH;4096;0.30154;75;0.317139
KMH;4096;0.30154;76;0.317139
KMH;4096;0.30154;77;0.317139
KMH;4096;0.30154;78;0.317139
KMH;4096;0.30154;79;0.317139
KMH;4096;0.30154;80;0.317139
KMH;4096;0.30154;81;0.317383
KMH;4096;0.30154;82;0.317383
KMH;4096;0.30154;83;0.317139
KMH;4096;0.30154;84;0.317139
KMH;4096;0.30154;85;0.317139
KMH;4096;0.30154;86;0.317139
KMH;4096;0.30154;87;0.317139
KMH;4096;0.30154;88;0.316895
KMH;4096;0.30154;89;0.317139
KMH;4096;0.30154;90;0.317139
KMH;4096;0.30154;91;0.317139
KMH;4096;0.30154;92;0.317139
KMH;4096;0.30154;93;0.317139
KMH;4096;0.30154;94;0.317139
KMH;4096;0.30154;95;0.317139
KMH;4096;0.30154;96;0.317383
KMH;4096;0.30154;97;0.317383
KMH;4096;0.30154;98;0.317383
KMH;4096;0.30154;99;0.317627
KMH;4096;0.30154;100;0.317383
KMH;4096;0.4011;1;0.385742
KMH;4096;0.4011;2;0.385742
KMH;4096;0.4011;3;0.385986
KMH;4096;0.4011;4;0.385986
KMH;4096;0.4011;5;0.385742
KMH;4096;0.4011;6;0.385742
KMH;4096;0.4011;7;0.385498
KMH;4096;0.4011;8;0.385742
KMH;4096;0.4011;9;0.385498
KMH;4096;0.4011;10;0.385254
KMH;4096;0.4011;11;0.38501
KMH;4096;0.4011;12;0.38501
KMH;4096;0.4011;13;0.38501
KMH;4096;0.4011;14;0.38501
KMH;4096;0.4011;15;0.385254
KMH;4096;0.4011;16;0.385498
KMH;4096;0.4011;17;0.385742
KMH;4096;0.4011;18;0.385498
KMH;4096;0.4011;19;0.385498
KMH;4096;0.4011;20;0.385254
KMH;4096;0.4011;21;0.385498
KMH;4096;0.4011;22;0.385742
KMH;4096;0.4011;23;0.385742
KMH;4096;0.4011;24;0.385742
KMH;4096;0.4011;25;0.385498
KMH;4096;0.4011;26;0.385498
KMH;4096;0.4011;27;0.385498
KMH;4096;0.4011;28;0.385498
KMH;4096;0.4011;29;0.385498
KMH;4096;0.4011;30;0.385498
KMH;4096;0.4011;31;0.385742
KMH;4096;0.4011;32;0.385742
KMH;4096;0.4011;33;0.385742
KMH;4096;0.4011;34;0.385742
KMH;4096;0.4011;35;0.385498
KMH;4096;0.4011;36;0.385254
KMH;4096;0.4011;37;0.385254
KMH;4096;0.4011;38;0.385254
KMH;4096;0.4011;39;0.385498
KMH;4096;0.4011;40;0.385498
KMH;4096;0.4011;41;0.385742
KMH;4096;0.4011;42;0.385742
KMH;4096;0.4011;43;0.385742
KMH;4096;0.4011;44;0.385742
KMH;4096;0.4011;45;0.385742
KMH;4096;0.4011;46;0.385986
KMH;4096;0.4011;47;0.38623
KMH;4096;0.4011;48;0.38623
KMH;4096;0.4011;49;0.386475
KMH;4096;0.4011;50;0.386719
KMH;4096;0.4011;51;0.386719
KMH;4096;0.4011;52;0.386719
KMH;4096;0.4011;53;0.386719
KMH;4096;0.4011;54;0.386475
KMH;4096;0.4011;55;0.386719
KMH;4096;0.4011;56;0.386719
KMH;4096;0.4011;57;0.386719
KMH;4096;0.4011;58;0.386719
KMH;4096;0.4011;59;0.386719
KMH;4096;0.4011;60;0.386719
KMH;4096;0.4011;61;0.386963
KMH;4096;0.4011;62;0.386963
KMH;4096;0.4011;63;0.386963
KMH;4096;0.4011;64;0.386963
KMH;4096;0.4011;65;0.386963
KMH;4096;0.4011;66;0.386963
KMH;4096;0.4011;67;0.387207
KMH;4096;0.4011;68;0.387207
KMH;4096;0.4011;69;0.387207
KMH;4096;0.4011;70;0.387207
KMH;4096;0.4011;71;0.387207
KMH;4096;0.4011;72;0.387207
KMH;4096;0.4011;73;0.387207
KMH;4096;0.4011;74;0.387207
KMH;4096;0.4011;75;0.387207
KMH;4096;0.4011;76;0.387451
KMH;4096;0.4011;77;0.387695
KMH;4096;0.4011;78;0.387451
KMH;4096;0.4011;79;0.387207
KMH;4096;0.4011;80;0.387451
KMH;4096;0.4011;81;0.387207
KMH;4096;0.4011;82;0.387207
KMH;4096;0.4011;83;0.387207
KMH;4096;0.4011;84;0.387207
KMH;4096;0.4011;85;0.387451
KMH;4096;0.4011;86;0.387207
KMH;4096;0.4011;87;0.387207
KMH;4096;0.4011;88;0.387207
KMH;4096;0.4011;89;0.387207
KMH;4096;0.4011;90;0.387451
KMH;4096;0.4011;91;0.387451
KMH;4096;0.4011;92;0.387207
KMH;4096;0.4011;93;0.387207
KMH;4096;0.4011;94;0.387207
KMH;4096;0.4011;95;0.387207
KMH;4096;0.4011;96;0.387207
KMH;4096;0.4011;97;0.387207
KMH;4096;0.4011;98;0.387451
KMH;4096;0.4011;99;0.387451
KMH;4096;0.4011;100;0.387451
KMH;4096;0.49674;1;0.491699
KMH;4096;0.49674;2;0.491943
KMH;4096;0.49674;3;0.491943
KMH;4096;0.49674;4;0.491943
KMH;4096;0.49674;5;0.491943
KMH;4096;0.49674;6;0.491699
KMH;4096;0.49674;7;0.491455
KMH;4096;0.49674;8;0.491211
KMH;4096;0.49674;9;0.491455
KMH;4096;0.49674;10;0.491455
KMH;4096;0.49674;11;0.491211
KMH;4096;0.49674;12;0.491211
KMH;4096;0.49674;13;0.491455
KMH;4096;0.49674;14;0.491455
KMH;4096;0.49674;15;0.491211
KMH;4096;0.49674;16;0.490967
KMH;4096;0.49674;17;0.490723
KMH;4096;0.49674;18;0.490723
KMH;4096;0.49674;19;0.490479
KMH;4096;0.49674;20;0.490479
KMH;4096;0.49674;21;0.490234
KMH;4096;0.49674;22;0.490479
KMH;4096;0.49674;23;0.490234
KMH;4096;0.49674;24;0.490234
KMH;4096;0.49674;25;0.48999
KMH;4096;0.49674;26;0.48999
KMH;4096;0.49674;27;0.48999
KMH;4096;0.49674;28;0.489746
KMH;4096;0.49674;29;0.489746
KMH;4096;0.49674;30;0.48999
KMH;4096;0.49674;31;0.490234
KMH;4096;0.49674;32;0.48999
KMH;4096;0.49674;33;0.48999
KMH;4096;0.49674;34;0.48999
KMH;4096;0.49674;35;0.490234
KMH;4096;0.49674;36;0.48999
KMH;4096;0.49674;37;0.490234
KMH;4096;0.49674;38;0.490234
KMH;4096;0.49674;39;0.490234
KMH;4096;0.49674;40;0.490234
KMH;4096;0.49674;41;0.48999
KMH;4096;0.49674;42;0.489746
KMH;4096;0.49674;43;0.489502
KMH;4096;0.49674;44;0.489502
KMH;4096;0.49674;45;0.489502
KMH;4096;0.49674;46;0.489258
KMH;4096;0.49674;47;0.489258
KMH;4096;0.49674;48;0.489258
KMH;4096;0.49674;49;0.489014
KMH;4096;0.49674;50;0.489258
KMH;4096;0.49674;51;0.489502
KMH;4096;0.49674;52;0.489258
KMH;4096;0.49674;53;0.489502
KMH;4096;0.49674;54;0.489258
KMH;4096;0.49674;55;0.489258
KMH;4096;0.49674;56;0.489258
KMH;4096;0.49674;57;0.489258
KMH;4096;0.49674;58;0.489502
KMH;4096;0.49674;59;0.489502
KMH;4096;0.49674;60;0.489502
KMH;4096;0.49674;61;0.489746
KMH;4096;0.49674;62;0.489746
KMH;4096;0.49674;63;0.489746
KMH;4096;0.49674;64;0.48999
KMH;4096;0.49674;65;0.490234
KMH;4096;0.49674;66;0.490234
KMH;4096;0.49674;67;0.490234
KMH;4096;0.49674;68;0.490234
KMH;4096;0.49674;69;0.490479
KMH;4096;0.49674;70;0.490479
KMH;4096;0.49674;71;0.490234
KMH;4096;0.49674;72;0.490234
KMH;4096;0.49674;73;0.490234
KMH;4096;0.49674;74;0.48999
KMH;4096;0.49674;75;0.489746
KMH;4096;0.49674;76;0.489502
KMH;4096;0.49674;77;0.489502
KMH;4096;0.49674;78;0.489502
KMH;4096;0.49674;79;0.489502
KMH;4096;0.49674;80;0.489502
KMH;4096;0.49674;81;0.489258
KMH;4096;0.49674;82;0.489258
KMH;4096;0.49674;83;0.489502
KMH;4096;0.49674;84;0.489502
KMH;4096;0.49674;85;0.489502
KMH;4096;0.49674;86;0.489746
KMH;4096;0.49674;87;0.489502
KMH;4096;0.49674;88;0.489502
KMH;4096;0.49674;89;0.489502
KMH;4096;0.49674;90;0.489746
KMH;4096;0.49674;91;0.489502
KMH;4096;0.49674;92;0.489258
KMH;4096;0.49674;93;0.489502
KMH;4096;0.49674;94;0.489746
KMH;4096;0.49674;95;0.489746
KMH;4096;0.49674;96;0.48999
KMH;4096;0.49674;97;0.490234
KMH;4096;0.49674;98;0.490234
KMH;4096;0.49674;99;0.490234
KMH;4096;0.49674;100;0.490234
KMH;4096;0.59956;1;0.600098
KMH;4096;0.59956;2;0.600098
KMH;4096;0.59956;3;0.600098
KMH;4096;0.59956;4;0.600342
KMH;4096;0.59956;5;0.600342
KMH;4096;0.59956;6;0.600586
KMH;4096;0.59956;7;0.600586
KMH;4096;0.59956;8;0.60083
KMH;4096;0.59956;9;0.600586
KMH;4096;0.59956;10;0.600586
KMH;4096;0.59956;11;0.600586
KMH;4096;0.59956;12;0.60083
KMH;4096;0.59956;13;0.60083
KMH;4096;0.59956;14;0.60083
KMH;4096;0.59956;15;0.60083
KMH;4096;0.59956;16;0.600586
KMH;4096;0.59956;17;0.600586
KMH;4096;0.59956;18;0.60083
KMH;4096;0.59956;19;0.600586
KMH;4096;0.59956;20;0.600586
KMH;4096;0.59956;21;0.60083
KMH;4096;0.59956;22;0.600586
KMH;4096;0.59956;23;0.600586
KMH;4096;0.59956;24;0.600586
KMH;4096;0.59956;25;0.600586
KMH;4096;0.59956;26;0.600586
KMH;4096;0.59956;27;0.600586
KMH;4096;0.59956;28;0.600586
KMH;4096;0.59956;29;0.600586
KMH;4096;0.59956;30;0.600342
KMH;4096;0.59956;31;0.600098
KMH;4096;0.59956;32;0.600098
KMH;4096;0.59956;33;0.600098
KMH;4096;0.59956;34;0.600098
KMH;4096;0.59956;35;0.600342
KMH;4096;0.59956;36;0.600098
KMH;4096;0.59956;37;0.600098
KMH;4096;0.59956;38;0.600098
KMH;4096;0.59956;39;0.600098
KMH;4096;0.59956;40;0.600098
KMH;4096;0.59956;41;0.599854
KMH;4096;0.59956;42;0.599854
KMH;4096;0.59956;43;0.599854
KMH;4096;0.59956;44;0.599854
KMH;4096;0.59956;45;0.599854
KMH;4096;0.59956;46;0.599854
KMH;4096;0.59956;47;0.599854
KMH;4096;0.59956;48;0.599854
KMH;4096;0.59956;49;0.599609
KMH;4096;0.59956;50;0.599365
KMH;4096;0.59956;51;0.599609
KMH;4096;0.59956;52;0.599609
KMH;4096;0.59956;53;0.599609
KMH;4096;0.59956;54;0.599365
KMH;4096;0.59956;55;0.599609
KMH;4096;0.59956;56;0.599365
KMH;4096;0.59956;57;0.599121
KMH;4096;0.59956;58;0.598877
KMH;4096;0.59956;59;0.598877
KMH;4096;0.59956;60;0.599121
KMH;4096;0.59956;61;0.599121
KMH;4096;0.59956;62;0.599121
KMH;4096;0.59956;63;0.598877
KMH;4096;0.59956;64;0.598877
KMH;4096;0.59956;65;0.598877
KMH;4096;0.59956;66;0.598877
KMH;4096;0.59956;67;0.598877
KMH;4096;0.59956;68;0.599121
KMH;4096;0.59956;69;0.598877
KMH;4096;0.59956;70;0.598877
KMH;4096;0.59956;71;0.598877
KMH;4096;0.59956;72;0.598877
KMH;4096;0.59956;73;0.599121
KMH;4096;0.59956;74;0.599121
KMH;4096;0.59956;75;0.598877
KMH;4096;0.59956;76;0.598877
KMH;4096;0.59956;77;0.598877
KMH;4096;0.59956;78;0.599121
KMH;4096;0.59956;79;0.599365
KMH;4096;0.59956;80;0.599365
KMH;4096;0.59956;81;0.599365
KMH;4096;0.59956;82;0.599121
KMH;4096;0.59956;83;0.598877
KMH;4096;0.59956;84;0.598877
KMH;4096;0.59956;85;0.598877
KMH;4096;0.59956;86;0.599121
KMH;4096;0.59956;87;0.598877
KMH;4096;0.59956;88;0.598877
KMH;4096;0.59956;89;0.598633
