Algoritmo;Dimensione (n);Funzione hash;Tempo di esecuzione
KMH;1;1;756916
KMH;1;2;756002
KMH;1;3;754040
KMH;1;4;755340
KMH;1;5;755300
KMH;1;6;798084
KMH;1;7;815047
KMH;1;8;798790
KMH;1;9;762825
KMH;1;10;756091
KMH;1;11;762111
KMH;1;12;754434
KMH;1;13;753181
KMH;1;14;761919
KMH;1;15;754024
KMH;1;16;753182
KMH;1;17;752558
KMH;1;18;753391
KMH;1;19;755178
KMH;1;20;755869
KMH;1;21;757455
KMH;1;22;754543
KMH;1;23;754929
KMH;1;24;757179
KMH;1;25;754977
KMH;1;26;756132
KMH;1;27;760700
KMH;1;28;754925
KMH;1;29;796043
KMH;1;30;754601
KMH;1;31;753084
KMH;1;32;753747
KMH;1;33;754283
KMH;1;34;757477
KMH;1;35;755205
KMH;1;36;755818
KMH;1;37;759447
KMH;1;38;753493
KMH;1;39;754049
KMH;1;40;753281
KMH;1;41;753052
KMH;1;42;752877
KMH;1;43;780048
KMH;1;44;753832
KMH;1;45;757090
KMH;1;46;752731
KMH;1;47;753093
KMH;1;48;753056
KMH;1;49;753185
KMH;1;50;753917
KMH;1;51;762387
KMH;1;52;779975
KMH;1;53;791869
KMH;1;54;755879
KMH;1;55;756485
KMH;1;56;764322
KMH;1;57;764049
KMH;1;58;762041
KMH;1;59;759618
KMH;1;60;756414
KMH;1;61;754276
KMH;1;62;756430
KMH;1;63;757682
KMH;1;64;757702
KMH;1;65;757277
KMH;1;66;756233
KMH;1;67;764515
KMH;1;68;774925
KMH;1;69;768010
KMH;1;70;796532
KMH;1;71;756601
KMH;1;72;752900
KMH;1;73;760643
KMH;1;74;765825
KMH;1;75;756707
KMH;1;76;754649
KMH;1;77;753575
KMH;1;78;755769
KMH;1;79;773569
KMH;1;80;753740
KMH;1;81;770420
KMH;1;82;770049
KMH;1;83;755007
KMH;1;84;755500
KMH;1;85;753386
KMH;1;86;753548
KMH;1;87;752984
KMH;1;88;753528
KMH;1;89;754351
KMH;1;90;753906
KMH;1;91;770151
KMH;1;92;777225
KMH;1;93;757258
KMH;1;94;767426
KMH;1;95;1.02440e+06
KMH;1;96;867431
KMH;1;97;793308
KMH;1;98;757072
KMH;1;99;760287
KMH;1;100;796593
KMH;2;1;773485
KMH;2;2;758027
KMH;2;3;768905
KMH;2;4;774216
KMH;2;5;756398
KMH;2;6;757673
KMH;2;7;774313
KMH;2;8;754668
KMH;2;9;756831
KMH;2;10;759812
KMH;2;11;755451
KMH;2;12;829402
KMH;2;13;764362
KMH;2;14;762523
KMH;2;15;813141
KMH;2;16;760951
KMH;2;17;758510
KMH;2;18;886458
KMH;2;19;754348
KMH;2;20;755909
KMH;2;21;753810
KMH;2;22;760177
KMH;2;23;759027
KMH;2;24;753943
KMH;2;25;754439
KMH;2;26;754465
KMH;2;27;754837
KMH;2;28;754698
KMH;2;29;757878
KMH;2;30;754817
KMH;2;31;754134
KMH;2;32;754202
KMH;2;33;793169
KMH;2;34;763526
KMH;2;35;754275
KMH;2;36;754737
KMH;2;37;754833
KMH;2;38;773256
KMH;2;39;774467
KMH;2;40;757899
KMH;2;41;763327
KMH;2;42;764725
KMH;2;43;755543
KMH;2;44;755276
KMH;2;45;754496
KMH;2;46;757194
KMH;2;47;774015
KMH;2;48;765132
KMH;2;49;759283
KMH;2;50;756192
KMH;2;51;762423
KMH;2;52;812325
KMH;2;53;763754
KMH;2;54;765466
KMH;2;55;757161
KMH;2;56;772678
KMH;2;57;768017
KMH;2;58;761219
KMH;2;59;755438
KMH;2;60;757147
KMH;2;61;754592
KMH;2;62;755291
KMH;2;63;754971
KMH;2;64;775363
KMH;2;65;770060
KMH;2;66;820465
KMH;2;67;862881
KMH;2;68;758736
KMH;2;69;793659
KMH;2;70;766860
KMH;2;71;816076
KMH;2;72;771769
KMH;2;73;756058
KMH;2;74;754884
KMH;2;75;766311
KMH;2;76;768142
KMH;2;77;773719
KMH;2;78;760614
KMH;2;79;756930
KMH;2;80;756633
KMH;2;81;774412
KMH;2;82;766704
KMH;2;83;758477
KMH;2;84;786558
KMH;2;85;766398
KMH;2;86;768922
KMH;2;87;763741
KMH;2;88;757669
KMH;2;89;764860
KMH;2;90;774494
KMH;2;91;755751
KMH;2;92;766643
KMH;2;93;816648
KMH;2;94;760042
KMH;2;95;764126
KMH;2;96;768263
KMH;2;97;770071
KMH;2;98;756655
KMH;2;99;773460
KMH;2;100;780768
KMH;4;1;765532
KMH;4;2;766027
KMH;4;3;768981
KMH;4;4;770225
KMH;4;5;764484
KMH;4;6;773899
KMH;4;7;804373
KMH;4;8;769452
KMH;4;9;768568
KMH;4;10;767001
KMH;4;11;796830
KMH;4;12;800006
KMH;4;13;758760
KMH;4;14;757054
KMH;4;15;758348
KMH;4;16;759820
KMH;4;17;762040
KMH;4;18;757870
KMH;4;19;758248
KMH;4;20;757399
KMH;4;21;755610
KMH;4;22;756426
KMH;4;23;757465
KMH;4;24;760986
KMH;4;25;838677
KMH;4;26;777312
KMH;4;27;756715
KMH;4;28;756573
KMH;4;29;766229
KMH;4;30;759037
KMH;4;31;770625
KMH;4;32;756323
KMH;4;33;756074
KMH;4;34;757413
KMH;4;35;756673
KMH;4;36;799469
KMH;4;37;756077
KMH;4;38;756048
KMH;4;39;755866
KMH;4;40;756555
KMH;4;41;754993
KMH;4;42;755353
KMH;4;43;755416
KMH;4;44;756032
KMH;4;45;756192
KMH;4;46;759541
KMH;4;47;827313
KMH;4;48;795730
KMH;4;49;756123
KMH;4;50;759761
KMH;4;51;817860
KMH;4;52;763551
KMH;4;53;758078
KMH;4;54;757034
KMH;4;55;782011
KMH;4;56;799795
KMH;4;57;756664
KMH;4;58;756734
KMH;4;59;755590
KMH;4;60;755868
KMH;4;61;756686
KMH;4;62;759767
KMH;4;63;756597
KMH;4;64;795173
KMH;4;65;765486
KMH;4;66;756403
KMH;4;67;755039
KMH;4;68;762432
KMH;4;69;755181
KMH;4;70;756032
KMH;4;71;756525
KMH;4;72;768419
KMH;4;73;808757
KMH;4;74;758956
KMH;4;75;756445
KMH;4;76;755123
KMH;4;77;755653
KMH;4;78;755940
KMH;4;79;755333
KMH;4;80;758915
KMH;4;81;755843
KMH;4;82;754851
KMH;4;83;755579
KMH;4;84;756039
KMH;4;85;767675
KMH;4;86;769572
KMH;4;87;798511
KMH;4;88;760908
KMH;4;89;811679
KMH;4;90;765848
KMH;4;91;757458
KMH;4;92;755655
KMH;4;93;755263
KMH;4;94;754688
KMH;4;95;755252
KMH;4;96;753906
KMH;4;97;749120
KMH;4;98;748214
KMH;4;99;753604
KMH;4;100;752451
KMH;8;1;757296
KMH;8;2;756684
KMH;8;3;757697
KMH;8;4;756544
KMH;8;5;752050
KMH;8;6;753437
KMH;8;7;744622
KMH;8;8;747231
KMH;8;9;754486
KMH;8;10;758292
KMH;8;11;823179
KMH;8;12;751371
KMH;8;13;752182
KMH;8;14;792183
KMH;8;15;816978
KMH;8;16;757374
KMH;8;17;757226
KMH;8;18;757257
KMH;8;19;756331
KMH;8;20;754085
KMH;8;21;796896
KMH;8;22;756585
KMH;8;23;755951
KMH;8;24;751606
KMH;8;25;757333
KMH;8;26;757356
KMH;8;27;757023
KMH;8;28;759953
KMH;8;29;757180
KMH;8;30;754713
KMH;8;31;750462
KMH;8;32;752473
KMH;8;33;758933
KMH;8;34;758381
KMH;8;35;749867
KMH;8;36;749457
KMH;8;37;824016
KMH;8;38;815645
KMH;8;39;770458
KMH;8;40;777977
KMH;8;41;761804
KMH;8;42;1.01609e+06
KMH;8;43;776422
KMH;8;44;818775
KMH;8;45;762732
KMH;8;46;755572
KMH;8;47;758866
KMH;8;48;757332
KMH;8;49;757427
KMH;8;50;758382
KMH;8;51;756952
KMH;8;52;759908
KMH;8;53;757966
KMH;8;54;755201
KMH;8;55;761376
KMH;8;56;756654
KMH;8;57;790913
KMH;8;58;773503
KMH;8;59;759578
KMH;8;60;787932
KMH;8;61;1.06908e+06
KMH;8;62;856232
KMH;8;63;777474
KMH;8;64;768988
KMH;8;65;759907
KMH;8;66;757113
KMH;8;67;756514
KMH;8;68;758305
KMH;8;69;797469
KMH;8;70;757032
KMH;8;71;762354
KMH;8;72;757494
KMH;8;73;762490
KMH;8;74;772207
KMH;8;75;763863
KMH;8;76;791377
KMH;8;77;757636
KMH;8;78;760344
KMH;8;79;804440
KMH;8;80;758735
KMH;8;81;758149
KMH;8;82;880616
KMH;8;83;783922
KMH;8;84;804229
KMH;8;85;759737
KMH;8;86;759541
KMH;8;87;869574
KMH;8;88;836339
KMH;8;89;765965
KMH;8;90;806539
KMH;8;91;806542
KMH;8;92;765334
KMH;8;93;785715
KMH;8;94;809851
KMH;8;95;812363
KMH;8;96;795537
KMH;8;97;818420
KMH;8;98;797772
KMH;8;99;812844
KMH;8;100;800901
KMH;16;1;810159
KMH;16;2;775720
KMH;16;3;759261
KMH;16;4;758177
KMH;16;5;761955
KMH;16;6;760078
KMH;16;7;758950
KMH;16;8;766335
KMH;16;9;758571
KMH;16;10;759633
KMH;16;11;758783
KMH;16;12;771831
KMH;16;13;770621
KMH;16;14;759661
KMH;16;15;759673
KMH;16;16;757885
KMH;16;17;760253
KMH;16;18;759405
KMH;16;19;758499
KMH;16;20;758499
KMH;16;21;759746
KMH;16;22;758850
KMH;16;23;759002
KMH;16;24;758059
KMH;16;25;758588
KMH;16;26;759172
KMH;16;27;759654
KMH;16;28;760702
KMH;16;29;759512
KMH;16;30;758817
KMH;16;31;758749
KMH;16;32;759815
KMH;16;33;758800
KMH;16;34;771207
KMH;16;35;770483
KMH;16;36;886868
KMH;16;37;802134
KMH;16;38;762793
KMH;16;39;757151
KMH;16;40;761333
KMH;16;41;758034
KMH;16;42;757891
KMH;16;43;758117
KMH;16;44;758416
KMH;16;45;757669
KMH;16;46;757615
KMH;16;47;759005
KMH;16;48;761125
KMH;16;49;763177
KMH;16;50;763448
KMH;16;51;758802
KMH;16;52;759971
KMH;16;53;794271
KMH;16;54;760452
KMH;16;55;767609
KMH;16;56;905666
KMH;16;57;760794
KMH;16;58;768225
KMH;16;59;763120
KMH;16;60;762621
KMH;16;61;759729
KMH;16;62;758248
KMH;16;63;758653
KMH;16;64;762322
KMH;16;65;760744
KMH;16;66;756839
KMH;16;67;760382
KMH;16;68;758133
KMH;16;69;758530
KMH;16;70;761124
KMH;16;71;828317
KMH;16;72;763461
KMH;16;73;773134
KMH;16;74;764744
KMH;16;75;762019
KMH;16;76;759086
KMH;16;77;758643
KMH;16;78;758551
KMH;16;79;840073
KMH;16;80;839251
KMH;16;81;875468
KMH;16;82;776592
KMH;16;83;874902
KMH;16;84;767874
KMH;16;85;825523
KMH;16;86;760664
KMH;16;87;776580
KMH;16;88;760431
KMH;16;89;759730
KMH;16;90;760566
KMH;16;91;760474
KMH;16;92;760196
KMH;16;93;758860
KMH;16;94;759428
KMH;16;95;758689
KMH;16;96;759059
KMH;16;97;792571
KMH;16;98;759545
KMH;16;99;757394
KMH;16;100;770207
KMH;32;1;761117
KMH;32;2;772817
KMH;32;3;764127
KMH;32;4;759963
KMH;32;5;757839
KMH;32;6;772012
KMH;32;7;760355
KMH;32;8;762555
KMH;32;9;760877
KMH;32;10;773774
KMH;32;11;771806
KMH;32;12;763696
KMH;32;13;765352
KMH;32;14;760650
KMH;32;15;762737
KMH;32;16;758308
KMH;32;17;753199
KMH;32;18;752753
KMH;32;19;756138
KMH;32;20;760002
KMH;32;21;761952
KMH;32;22;762764
KMH;32;23;764371
KMH;32;24;759161
KMH;32;25;761007
KMH;32;26;756385
KMH;32;27;769262
KMH;32;28;752451
KMH;32;29;754384
KMH;32;30;754860
KMH;32;31;753467
KMH;32;32;757581
KMH;32;33;752272
KMH;32;34;759073
KMH;32;35;759159
KMH;32;36;754617
KMH;32;37;749689
KMH;32;38;755104
KMH;32;39;766069
KMH;32;40;759673
KMH;32;41;760530
KMH;32;42;755530
KMH;32;43;761571
KMH;32;44;756604
KMH;32;45;751169
KMH;32;46;761059
KMH;32;47;761448
KMH;32;48;756448
KMH;32;49;750656
KMH;32;50;753974
KMH;32;51;756565
KMH;32;52;761698
KMH;32;53;760760
KMH;32;54;762031
KMH;32;55;791587
KMH;32;56;791800
KMH;32;57;798637
KMH;32;58;758697
KMH;32;59;791838
KMH;32;60;765044
KMH;32;61;776885
KMH;32;62;904042
KMH;32;63;763031
KMH;32;64;759826
KMH;32;65;765150
KMH;32;66;751649
KMH;32;67;759083
KMH;32;68;754622
KMH;32;69;760429
KMH;32;70;759478
KMH;32;71;759845
KMH;32;72;763190
KMH;32;73;761571
KMH;32;74;759357
KMH;32;75;755069
KMH;32;76;749913
KMH;32;77;758977
KMH;32;78;747027
KMH;32;79;747038
KMH;32;80;747970
KMH;32;81;747244
KMH;32;82;757189
KMH;32;83;761257
KMH;32;84;760536
KMH;32;85;766325
KMH;32;86;795753
KMH;32;87;753625
KMH;32;88;758259
KMH;32;89;753866
KMH;32;90;767205
KMH;32;91;800589
KMH;32;92;802322
KMH;32;93;880153
KMH;32;94;759357
KMH;32;95;771040
KMH;32;96;775173
KMH;32;97;810471
KMH;32;98;763558
KMH;32;99;757830
KMH;32;100;782470
KMH;64;1;760175
KMH;64;2;762140
KMH;64;3;754574
KMH;64;4;751084
KMH;64;5;756491
KMH;64;6;810073
KMH;64;7;802427
KMH;64;8;784708
KMH;64;9;752309
KMH;64;10;766632
KMH;64;11;756157
KMH;64;12;765410
KMH;64;13;766354
KMH;64;14;764767
KMH;64;15;763092
KMH;64;16;760279
KMH;64;17;753880
KMH;64;18;759312
KMH;64;19;771477
KMH;64;20;769755
KMH;64;21;752167
KMH;64;22;750764
KMH;64;23;763374
KMH;64;24;756589
KMH;64;25;751418
KMH;64;26;751352
KMH;64;27;752548
KMH;64;28;751079
KMH;64;29;763640
KMH;64;30;760380
KMH;64;31;874732
KMH;64;32;771010
KMH;64;33;769737
KMH;64;34;763307
KMH;64;35;769095
KMH;64;36;767772
KMH;64;37;768476
KMH;64;38;759478
KMH;64;39;766639
KMH;64;40;768924
KMH;64;41;884073
KMH;64;42;784903
KMH;64;43;764291
KMH;64;44;761436
KMH;64;45;752900
KMH;64;46;817290
KMH;64;47;767421
KMH;64;48;765832
KMH;64;49;756605
KMH;64;50;762929
KMH;64;51;839199
KMH;64;52;845896
KMH;64;53;764557
KMH;64;54;770102
KMH;64;55;767817
KMH;64;56;763829
KMH;64;57;770658
KMH;64;58;767085
KMH;64;59;763092
KMH;64;60;752102
KMH;64;61;754562
KMH;64;62;750406
KMH;64;63;771266
KMH;64;64;782935
KMH;64;65;806603
KMH;64;66;769518
KMH;64;67;794514
KMH;64;68;769928
KMH;64;69;768358
KMH;64;70;776210
KMH;64;71;891554
KMH;64;72;840382
KMH;64;73;773307
KMH;64;74;875771
KMH;64;75;759817
KMH;64;76;757973
KMH;64;77;800752
KMH;64;78;771060
KMH;64;79;765805
KMH;64;80;859108
KMH;64;81;775908
KMH;64;82;815384
KMH;64;83;790760
KMH;64;84;775011
KMH;64;85;769477
KMH;64;86;801069
KMH;64;87;766368
KMH;64;88;767382
KMH;64;89;776772
KMH;64;90;765005
KMH;64;91;764996
KMH;64;92;804981
KMH;64;93;757745
KMH;64;94;796698
KMH;64;95;835963
KMH;64;96;841126
KMH;64;97;765206
KMH;64;98;765410
KMH;64;99;766248
KMH;64;100;793946
KMH;128;1;836638
KMH;128;2;785790
KMH;128;3;815382
KMH;128;4;771992
KMH;128;5;771756
KMH;128;6;771093
KMH;128;7;765840
KMH;128;8;759455
KMH;128;9;761984
KMH;128;10;763662
KMH;128;11;771070
KMH;128;12;778396
KMH;128;13;766386
KMH;128;14;762393
KMH;128;15;769331
KMH;128;16;770856
KMH;128;17;772245
KMH;128;18;759320
KMH;128;19;758316
KMH;128;20;766616
KMH;128;21;772662
KMH;128;22;771360
KMH;128;23;766887
KMH;128;24;767614
KMH;128;25;780039
KMH;128;26;764897
KMH;128;27;763142
KMH;128;28;783865
KMH;128;29;767687
KMH;128;30;770416
KMH;128;31;768625
KMH;128;32;775534
KMH;128;33;767130
KMH;128;34;770745
KMH;128;35;767824
KMH;128;36;758581
KMH;128;37;758364
KMH;128;38;761513
KMH;128;39;877843
KMH;128;40;917512
KMH;128;41;778900
KMH;128;42;772103
KMH;128;43;772169
KMH;128;44;763698
KMH;128;45;758751
KMH;128;46;769496
KMH;128;47;764742
KMH;128;48;764598
KMH;128;49;771980
KMH;128;50;769534
KMH;128;51;757558
KMH;128;52;757839
KMH;128;53;757915
KMH;128;54;758478
KMH;128;55;770432
KMH;128;56;764769
KMH;128;57;771085
KMH;128;58;771257
KMH;128;59;771169
KMH;128;60;772227
KMH;128;61;771839
KMH;128;62;761955
KMH;128;63;770867
KMH;128;64;771092
KMH;128;65;771648
KMH;128;66;850251
KMH;128;67;781840
KMH;128;68;767864
KMH;128;69;760993
KMH;128;70;758863
KMH;128;71;769241
KMH;128;72;823412
KMH;128;73;814149
KMH;128;74;773164
KMH;128;75;770010
KMH;128;76;765748
KMH;128;77;769308
KMH;128;78;760332
KMH;128;79;771076
KMH;128;80;770362
KMH;128;81;820750
KMH;128;82;775450
KMH;128;83;834781
KMH;128;84;775967
KMH;128;85;778012
KMH;128;86;887164
KMH;128;87;772337
KMH;128;88;823186
KMH;128;89;778046
KMH;128;90;772415
KMH;128;91;805764
KMH;128;92;767664
KMH;128;93;765286
KMH;128;94;760397
KMH;128;95;769010
KMH;128;96;767823
KMH;128;97;763997
KMH;128;98;769668
KMH;128;99;765163
KMH;128;100;761873
KMH;256;1;779842
KMH;256;2;773882
KMH;256;3;778122
KMH;256;4;772931
KMH;256;5;770180
KMH;256;6;776802
KMH;256;7;783345
KMH;256;8;782748
KMH;256;9;779079
KMH;256;10;773796
KMH;256;11;778734
KMH;256;12;782634
KMH;256;13;782688
KMH;256;14;773562
KMH;256;15;786729
KMH;256;16;786661
KMH;256;17;778283
KMH;256;18;784745
KMH;256;19;777395
KMH;256;20;778646
KMH;256;21;774607
KMH;256;22;774275
KMH;256;23;775377
KMH;256;24;769731
KMH;256;25;774202
KMH;256;26;782937
KMH;256;27;824603
KMH;256;28;782611
KMH;256;29;807718
KMH;256;30;872382
KMH;256;31;791755
KMH;256;32;779329
KMH;256;33;828737
KMH;256;34;776109
KMH;256;35;771574
KMH;256;36;770451
KMH;256;37;771717
KMH;256;38;773333
KMH;256;39;769959
KMH;256;40;770654
KMH;256;41;802739
KMH;256;42;858654
KMH;256;43;788007
KMH;256;44;793227
KMH;256;45;831211
KMH;256;46;781692
KMH;256;47;773606
KMH;256;48;771658
KMH;256;49;773137
KMH;256;50;826991
KMH;256;51;816511
KMH;256;52;881171
KMH;256;53;781614
KMH;256;54;783983
KMH;256;55;802126
KMH;256;56;783306
KMH;256;57;784514
KMH;256;58;772760
KMH;256;59;784300
KMH;256;60;784174
KMH;256;61;795299
KMH;256;62;775171
KMH;256;63;783312
KMH;256;64;774417
KMH;256;65;778980
KMH;256;66;789750
KMH;256;67;780707
KMH;256;68;795734
KMH;256;69;800818
KMH;256;70;781897
KMH;256;71;801877
KMH;256;72;798144
KMH;256;73;782608
KMH;256;74;771149
KMH;256;75;778013
KMH;256;76;775378
KMH;256;77;782448
KMH;256;78;780522
KMH;256;79;776471
KMH;256;80;785605
KMH;256;81;777777
KMH;256;82;777039
KMH;256;83;782494
KMH;256;84;783794
KMH;256;85;781720
KMH;256;86;770261
KMH;256;87;770222
KMH;256;88;779825
KMH;256;89;787082
KMH;256;90;784933
KMH;256;91;791679
KMH;256;92;784558
KMH;256;93;832348
KMH;256;94;772472
KMH;256;95;773143
KMH;256;96;770060
KMH;256;97;777289
KMH;256;98;784652
KMH;256;99;810990
KMH;256;100;778389
KMH;512;1;798068
KMH;512;2;806515
KMH;512;3;795881
KMH;512;4;796210
KMH;512;5;812621
KMH;512;6;797020
KMH;512;7;805062
KMH;512;8;798967
KMH;512;9;792674
KMH;512;10;795805
KMH;512;11;795598
KMH;512;12;794319
KMH;512;13;801228
KMH;512;14;805834
KMH;512;15;802607
KMH;512;16;795599
KMH;512;17;792540
KMH;512;18;798133
KMH;512;19;792459
KMH;512;20;794464
KMH;512;21;805949
KMH;512;22;865626
KMH;512;23;810562
KMH;512;24;807229
KMH;512;25;808204
KMH;512;26;806457
KMH;512;27;803190
KMH;512;28;804110
KMH;512;29;805042
KMH;512;30;1.02121e+06
KMH;512;31;816082
KMH;512;32;820807
KMH;512;33;795408
KMH;512;34;798936
KMH;512;35;801713
KMH;512;36;812311
KMH;512;37;793987
KMH;512;38;798747
KMH;512;39;807420
KMH;512;40;808304
KMH;512;41;803043
KMH;512;42;800467
KMH;512;43;797159
KMH;512;44;806531
KMH;512;45;803208
KMH;512;46;805747
KMH;512;47;806627
KMH;512;48;801862
KMH;512;49;814533
KMH;512;50;805293
KMH;512;51;805932
KMH;512;52;801881
KMH;512;53;802301
KMH;512;54;806095
KMH;512;55;803647
KMH;512;56;795496
KMH;512;57;793236
KMH;512;58;795325
KMH;512;59;792626
KMH;512;60;796950
KMH;512;61;798701
KMH;512;62;804495
KMH;512;63;797726
KMH;512;64;805432
KMH;512;65;863933
KMH;512;66;806241
KMH;512;67;806385
KMH;512;68;799190
KMH;512;69;799462
KMH;512;70;805102
KMH;512;71;793774
KMH;512;72;792803
KMH;512;73;797364
KMH;512;74;810085
KMH;512;75;798788
KMH;512;76;798747
KMH;512;77;802913
KMH;512;78;804306
KMH;512;79;887722
KMH;512;80;838158
KMH;512;81;801285
KMH;512;82;869994
KMH;512;83;807274
KMH;512;84;806522
KMH;512;85;807100
KMH;512;86;805896
KMH;512;87;804942
KMH;512;88;886045
KMH;512;89;835063
KMH;512;90;873134
KMH;512;91;805657
KMH;512;92;808886
KMH;512;93;807793
KMH;512;94;810739
KMH;512;95;805711
KMH;512;96;819797
KMH;512;97;799100
KMH;512;98;801912
KMH;512;99;805707
KMH;512;100;805681
KMH;1024;1;867412
KMH;1024;2;848726
KMH;1024;3;846304
KMH;1024;4;852847
KMH;1024;5;850736
KMH;1024;6;952263
KMH;1024;7;847164
KMH;1024;8;863763
KMH;1024;9;903908
KMH;1024;10;975000
KMH;1024;11;1.06887e+06
KMH;1024;12;886170
KMH;1024;13;963412
KMH;1024;14;1.01288e+06
KMH;1024;15;935650
KMH;1024;16;884702
KMH;1024;17;1.02126e+06
KMH;1024;18;930038
KMH;1024;19;881013
KMH;1024;20;880900
KMH;1024;21;869285
KMH;1024;22;855333
KMH;1024;23;855145
KMH;1024;24;852275
KMH;1024;25;855421
KMH;1024;26;856095
KMH;1024;27;855791
KMH;1024;28;892272
KMH;1024;29;853121
KMH;1024;30;857346
KMH;1024;31;856786
KMH;1024;32;850495
KMH;1024;33;852418
KMH;1024;34;851532
KMH;1024;35;853102
KMH;1024;36;851814
KMH;1024;37;852883
KMH;1024;38;852650
KMH;1024;39;852481
KMH;1024;40;853882
KMH;1024;41;852566
KMH;1024;42;850562
KMH;1024;43;853498
KMH;1024;44;854228
KMH;1024;45;851928
KMH;1024;46;852967
KMH;1024;47;851346
KMH;1024;48;853646
KMH;1024;49;856242
KMH;1024;50;854086
KMH;1024;51;852625
KMH;1024;52;850064
KMH;1024;53;851004
KMH;1024;54;852451
KMH;1024;55;852696
KMH;1024;56;851027
KMH;1024;57;850348
KMH;1024;58;852324
KMH;1024;59;852264
KMH;1024;60;853620
KMH;1024;61;851667
KMH;1024;62;851025
KMH;1024;63;851214
KMH;1024;64;851480
KMH;1024;65;850929
KMH;1024;66;846877
KMH;1024;67;850433
KMH;1024;68;857803
KMH;1024;69;868352
KMH;1024;70;849501
KMH;1024;71;851762
KMH;1024;72;854094
KMH;1024;73;849174
KMH;1024;74;852096
KMH;1024;75;851815
KMH;1024;76;850314
KMH;1024;77;850989
KMH;1024;78;852855
KMH;1024;79;848451
KMH;1024;80;851727
KMH;1024;81;848960
KMH;1024;82;848192
KMH;1024;83;853534
KMH;1024;84;853036
KMH;1024;85;852299
KMH;1024;86;851157
KMH;1024;87;850949
KMH;1024;88;851260
KMH;1024;89;852478
KMH;1024;90;850849
KMH;1024;91;847501
KMH;1024;92;848996
KMH;1024;93;846408
KMH;1024;94;851005
KMH;1024;95;852175
KMH;1024;96;851265
KMH;1024;97;848467
KMH;1024;98;840985
KMH;1024;99;913975
KMH;1024;100;868712
KMH;2048;1;981732
KMH;2048;2;938405
KMH;2048;3;937571
KMH;2048;4;935689
KMH;2048;5;942462
KMH;2048;6;1.03471e+06
KMH;2048;7;972144
KMH;2048;8;959788
KMH;2048;9;1.07881e+06
KMH;2048;10;1.05957e+06
KMH;2048;11;956561
KMH;2048;12;1.12966e+06
KMH;2048;13;980343
KMH;2048;14;1.01551e+06
KMH;2048;15;996775
KMH;2048;16;944965
KMH;2048;17;941685
KMH;2048;18;941555
KMH;2048;19;979226
KMH;2048;20;954830
KMH;2048;21;942373
KMH;2048;22;940552
KMH;2048;23;975590
KMH;2048;24;942209
KMH;2048;25;943080
KMH;2048;26;941329
KMH;2048;27;940559
KMH;2048;28;941454
KMH;2048;29;941707
KMH;2048;30;943601
KMH;2048;31;942516
KMH;2048;32;955976
KMH;2048;33;973212
KMH;2048;34;944739
KMH;2048;35;949483
KMH;2048;36;1.08193e+06
KMH;2048;37;969241
KMH;2048;38;989065
KMH;2048;39;942727
KMH;2048;40;944335
KMH;2048;41;943731
KMH;2048;42;940656
KMH;2048;43;942471
KMH;2048;44;964141
KMH;2048;45;961187
KMH;2048;46;957493
KMH;2048;47;953161
KMH;2048;48;944059
KMH;2048;49;941460
KMH;2048;50;942137
KMH;2048;51;941445
KMH;2048;52;941179
KMH;2048;53;941521
KMH;2048;54;940375
KMH;2048;55;940645
KMH;2048;56;939861
KMH;2048;57;942070
KMH;2048;58;940938
KMH;2048;59;941191
KMH;2048;60;941866
KMH;2048;61;941139
KMH;2048;62;941201
KMH;2048;63;942104
KMH;2048;64;941255
KMH;2048;65;944907
KMH;2048;66;939901
KMH;2048;67;939714
KMH;2048;68;939228
KMH;2048;69;940190
KMH;2048;70;942337
KMH;2048;71;941401
KMH;2048;72;942000
KMH;2048;73;941445
KMH;2048;74;939387
KMH;2048;75;942364
KMH;2048;76;940261
KMH;2048;77;940673
KMH;2048;78;940986
KMH;2048;79;941130
KMH;2048;80;941003
KMH;2048;81;941256
KMH;2048;82;940045
KMH;2048;83;941169
KMH;2048;84;941198
KMH;2048;85;942716
KMH;2048;86;971925
KMH;2048;87;1.08458e+06
KMH;2048;88;953489
KMH;2048;89;1.00691e+06
KMH;2048;90;946475
KMH;2048;91;948117
KMH;2048;92;943215
KMH;2048;93;991085
KMH;2048;94;968844
KMH;2048;95;942731
KMH;2048;96;952077
KMH;2048;97;947732
KMH;2048;98;968392
KMH;2048;99;977851
KMH;2048;100;1.04152e+06
KMH;4096;1;1.1674e+06
KMH;4096;2;1.12309e+06
KMH;4096;3;1.12013e+06
KMH;4096;4;1.12047e+06
KMH;4096;5;1.11926e+06
KMH;4096;6;1.12339e+06
KMH;4096;7;1.26744e+06
KMH;4096;8;1.12137e+06
KMH;4096;9;1.11959e+06
KMH;4096;10;1.12524e+06
KMH;4096;11;1.12641e+06
KMH;4096;12;1.1191e+06
KMH;4096;13;1.11735e+06
KMH;4096;14;1.14155e+06
KMH;4096;15;1.1763e+06
KMH;4096;16;1.18324e+06
KMH;4096;17;1.15325e+06
KMH;4096;18;1.19472e+06
KMH;4096;19;1.25038e+06
KMH;4096;20;1.12373e+06
KMH;4096;21;1.24332e+06
KMH;4096;22;1.17866e+06
KMH;4096;23;1.21381e+06
KMH;4096;24;1.12693e+06
KMH;4096;25;1.18172e+06
KMH;4096;26;1.17659e+06
KMH;4096;27;1.20972e+06
KMH;4096;28;1.20394e+06
KMH;4096;29;1.2588e+06
KMH;4096;30;1.22371e+06
KMH;4096;31;1.16481e+06
KMH;4096;32;1.19514e+06
KMH;4096;33;1.1739e+06
KMH;4096;34;1.18713e+06
KMH;4096;35;1.16742e+06
KMH;4096;36;1.1922e+06
KMH;4096;37;1.17185e+06
KMH;4096;38;1.17525e+06
KMH;4096;39;1.12112e+06
KMH;4096;40;1.13474e+06
KMH;4096;41;1.14164e+06
KMH;4096;42;1.11766e+06
KMH;4096;43;1.12006e+06
KMH;4096;44;1.11749e+06
KMH;4096;45;1.1345e+06
KMH;4096;46;1.13235e+06
KMH;4096;47;1.11817e+06
KMH;4096;48;1.11724e+06
KMH;4096;49;1.11728e+06
KMH;4096;50;1.11862e+06
KMH;4096;51;1.11777e+06
KMH;4096;52;1.11944e+06
KMH;4096;53;1.11696e+06
KMH;4096;54;1.11783e+06
KMH;4096;55;1.11872e+06
KMH;4096;56;1.12084e+06
KMH;4096;57;1.11859e+06
KMH;4096;58;1.1174e+06
KMH;4096;59;1.11826e+06
KMH;4096;60;1.12342e+06
KMH;4096;61;1.11798e+06
KMH;4096;62;1.11734e+06
KMH;4096;63;1.11786e+06
KMH;4096;64;1.11840e+06
KMH;4096;65;1.11949e+06
KMH;4096;66;1.11804e+06
KMH;4096;67;1.11859e+06
KMH;4096;68;1.11732e+06
KMH;4096;69;1.11755e+06
KMH;4096;70;1.11970e+06
KMH;4096;71;1.11799e+06
KMH;4096;72;1.11745e+06
KMH;4096;73;1.11771e+06
KMH;4096;74;1.11797e+06
KMH;4096;75;1.11815e+06
KMH;4096;76;1.11908e+06
KMH;4096;77;1.12391e+06
KMH;4096;78;1.24592e+06
KMH;4096;79;1.12027e+06
KMH;4096;80;1.12308e+06
KMH;4096;81;1.14212e+06
KMH;4096;82;1.12267e+06
KMH;4096;83;1.13994e+06
KMH;4096;84;1.12603e+06
KMH;4096;85;1.12457e+06
KMH;4096;86;1.13155e+06
KMH;4096;87;1.11848e+06
KMH;4096;88;1.15935e+06
KMH;4096;89;1.12552e+06
KMH;4096;90;1.12044e+06
KMH;4096;91;1.11792e+06
KMH;4096;92;1.11761e+06
KMH;4096;93;1.11778e+06
KMH;4096;94;1.12028e+06
KMH;4096;95;1.13373e+06
KMH;4096;96;1.16049e+06
KMH;4096;97;1.16363e+06
KMH;4096;98;1.11994e+06
KMH;4096;99;1.11784e+06
KMH;4096;100;1.11847e+06
KMH;8192;1;1.47506e+06
KMH;8192;2;1.51307e+06
KMH;8192;3;1.49324e+06
KMH;8192;4;1.49591e+06
KMH;8192;5;1.49162e+06
KMH;8192;6;1.51291e+06
KMH;8192;7;1.47643e+06
KMH;8192;8;1.47062e+06
KMH;8192;9;1.5069e+06
KMH;8192;10;1.50372e+06
KMH;8192;11;1.48647e+06
KMH;8192;12;1.50644e+06
KMH;8192;13;1.48085e+06
KMH;8192;14;1.61498e+06
KMH;8192;15;1.47569e+06
KMH;8192;16;1.47779e+06
KMH;8192;17;1.47709e+06
KMH;8192;18;1.48465e+06
KMH;8192;19;1.55884e+06
KMH;8192;20;1.47864e+06
KMH;8192;21;1.47575e+06
KMH;8192;22;1.47692e+06
KMH;8192;23;1.46934e+06
KMH;8192;24;1.47118e+06
KMH;8192;25;1.47826e+06
KMH;8192;26;1.47538e+06
KMH;8192;27;1.51727e+06
KMH;8192;28;1.4721e+06
KMH;8192;29;1.48872e+06
KMH;8192;30;1.47521e+06
KMH;8192;31;1.56753e+06
KMH;8192;32;1.60872e+06
KMH;8192;33;1.49926e+06
KMH;8192;34;1.52196e+06
KMH;8192;35;1.47378e+06
KMH;8192;36;1.46978e+06
KMH;8192;37;1.54198e+06
KMH;8192;38;1.4955e+06
KMH;8192;39;1.47974e+06
KMH;8192;40;1.47967e+06
KMH;8192;41;1.52007e+06
KMH;8192;42;1.47677e+06
KMH;8192;43;1.53899e+06
KMH;8192;44;1.48875e+06
KMH;8192;45;1.47064e+06
KMH;8192;46;1.47448e+06
KMH;8192;47;1.55008e+06
KMH;8192;48;1.47846e+06
KMH;8192;49;1.47715e+06
KMH;8192;50;1.49051e+06
KMH;8192;51;1.50056e+06
KMH;8192;52;1.50547e+06
KMH;8192;53;1.4807e+06
KMH;8192;54;1.4744e+06
KMH;8192;55;1.5001e+06
KMH;8192;56;1.47412e+06
KMH;8192;57;1.47166e+06
KMH;8192;58;1.52346e+06
KMH;8192;59;1.47025e+06
KMH;8192;60;1.47345e+06
KMH;8192;61;1.4833e+06
KMH;8192;62;1.46965e+06
KMH;8192;63;1.46925e+06
KMH;8192;64;1.47168e+06
KMH;8192;65;1.4724e+06
KMH;8192;66;1.46971e+06
KMH;8192;67;1.46939e+06
KMH;8192;68;1.47671e+06
KMH;8192;69;1.52276e+06
KMH;8192;70;1.47244e+06
KMH;8192;71;1.50376e+06
KMH;8192;72;1.46975e+06
KMH;8192;73;1.47042e+06
KMH;8192;74;1.47627e+06
KMH;8192;75;1.47523e+06
KMH;8192;76;1.55475e+06
KMH;8192;77;1.53779e+06
KMH;8192;78;1.48251e+06
KMH;8192;79;1.47554e+06
KMH;8192;80;1.47126e+06
KMH;8192;81;1.47139e+06
KMH;8192;82;1.46967e+06
KMH;8192;83;1.47028e+06
KMH;8192;84;1.46977e+06
KMH;8192;85;1.47949e+06
KMH;8192;86;1.47366e+06
KMH;8192;87;1.47016e+06
KMH;8192;88;1.47316e+06
KMH;8192;89;1.46961e+06
KMH;8192;90;1.47119e+06
KMH;8192;91;1.48329e+06
KMH;8192;92;1.55735e+06
KMH;8192;93;1.4737e+06
KMH;8192;94;1.47211e+06
KMH;8192;95;1.47407e+06
KMH;8192;96;1.4693e+06
KMH;8192;97;1.47366e+06
KMH;8192;98;1.54844e+06
KMH;8192;99;1.47039e+06
KMH;8192;100;1.47141e+06
KMH;16384;1;2.17461e+06
KMH;16384;2;2.17235e+06
KMH;16384;3;2.23164e+06
KMH;16384;4;2.17437e+06
KMH;16384;5;2.17546e+06
KMH;16384;6;2.17829e+06
KMH;16384;7;2.17283e+06
KMH;16384;8;2.20155e+06
KMH;16384;9;2.26639e+06
KMH;16384;10;2.17743e+06
KMH;16384;11;2.17496e+06
KMH;16384;12;2.17431e+06
KMH;16384;13;2.17524e+06
KMH;16384;14;2.1722e+06
KMH;16384;15;2.1864e+06
KMH;16384;16;2.25937e+06
KMH;16384;17;2.1801e+06
KMH;16384;18;2.173e+06
KMH;16384;19;2.17427e+06
KMH;16384;20;2.23953e+06
KMH;16384;21;2.18357e+06
KMH;16384;22;2.35242e+06
KMH;16384;23;2.25352e+06
KMH;16384;24;2.17699e+06
KMH;16384;25;2.18432e+06
KMH;16384;26;2.21703e+06
KMH;16384;27;2.17216e+06
KMH;16384;28;2.18162e+06
KMH;16384;29;2.18152e+06
KMH;16384;30;2.17763e+06
KMH;16384;31;2.17646e+06
KMH;16384;32;2.1785e+06
KMH;16384;33;2.22451e+06
KMH;16384;34;2.18947e+06
KMH;16384;35;2.19216e+06
KMH;16384;36;2.32536e+06
KMH;16384;37;2.17832e+06
KMH;16384;38;2.17778e+06
KMH;16384;39;2.1769e+06
KMH;16384;40;2.25957e+06
KMH;16384;41;2.19421e+06
KMH;16384;42;2.17390e+06
KMH;16384;43;2.2301e+06
KMH;16384;44;2.22054e+06
KMH;16384;45;2.17933e+06
KMH;16384;46;2.17323e+06
KMH;16384;47;2.31290e+06
KMH;16384;48;2.26499e+06
KMH;16384;49;2.23233e+06
KMH;16384;50;2.19093e+06
KMH;16384;51;2.26808e+06
KMH;16384;52;2.19300e+06
KMH;16384;53;2.17286e+06
KMH;16384;54;2.17445e+06
KMH;16384;55;2.17287e+06
KMH;16384;56;2.1801e+06
KMH;16384;57;2.17446e+06
KMH;16384;58;2.17758e+06
KMH;16384;59;2.18175e+06
KMH;16384;60;2.19574e+06
KMH;16384;61;2.26948e+06
KMH;16384;62;2.17183e+06
KMH;16384;63;2.17326e+06
KMH;16384;64;2.23995e+06
KMH;16384;65;2.19846e+06
KMH;16384;66;2.17235e+06
KMH;16384;67;2.17522e+06
KMH;16384;68;2.17189e+06
KMH;16384;69;2.17162e+06
KMH;16384;70;2.17526e+06
KMH;16384;71;2.17164e+06
KMH;16384;72;2.17527e+06
KMH;16384;73;2.17179e+06
KMH;16384;74;2.1755e+06
KMH;16384;75;2.1767e+06
KMH;16384;76;2.17525e+06
KMH;16384;77;2.17358e+06
KMH;16384;78;2.17212e+06
KMH;16384;79;2.17468e+06
KMH;16384;80;2.17339e+06
KMH;16384;81;2.17358e+06
KMH;16384;82;2.17193e+06
KMH;16384;83;2.1725e+06
KMH;16384;84;2.20339e+06
KMH;16384;85;2.17706e+06
KMH;16384;86;2.17526e+06
KMH;16384;87;2.17081e+06
KMH;16384;88;2.17371e+06
KMH;16384;89;2.17688e+06
KMH;16384;90;2.33265e+06
KMH;16384;91;2.23763e+06
KMH;16384;92;2.27728e+06
KMH;16384;93;2.27895e+06
KMH;16384;94;2.17221e+06
KMH;16384;95;2.17536e+06
KMH;16384;96;2.1764e+06
KMH;16384;97;2.17518e+06
KMH;16384;98;2.19906e+06
KMH;16384;99;2.32227e+06
KMH;16384;100;2.18739e+06
KMH;32768;1;3.58224e+06
KMH;32768;2;3.58094e+06
KMH;32768;3;3.57839e+06
KMH;32768;4;3.58068e+06
KMH;32768;5;3.57998e+06
KMH;32768;6;3.57563e+06
KMH;32768;7;3.58007e+06
KMH;32768;8;3.62115e+06
KMH;32768;9;3.65607e+06
KMH;32768;10;3.63045e+06
KMH;32768;11;3.61163e+06
KMH;32768;12;3.57845e+06
KMH;32768;13;3.57594e+06
KMH;32768;14;3.57798e+06
KMH;32768;15;3.59316e+06
KMH;32768;16;3.71424e+06
KMH;32768;17;3.61844e+06
KMH;32768;18;3.58109e+06
KMH;32768;19;3.63627e+06
KMH;32768;20;3.58793e+06
KMH;32768;21;3.57689e+06
KMH;32768;22;3.57627e+06
KMH;32768;23;3.59015e+06
KMH;32768;24;3.5779e+06
KMH;32768;25;3.58135e+06
KMH;32768;26;3.59464e+06
KMH;32768;27;3.88301e+06
KMH;32768;28;3.74348e+06
KMH;32768;29;3.57671e+06
KMH;32768;30;3.6045e+06
KMH;32768;31;3.60444e+06
KMH;32768;32;4.1342e+06
KMH;32768;33;3.62622e+06
KMH;32768;34;3.97616e+06
KMH;32768;35;3.68552e+06
KMH;32768;36;3.64321e+06
KMH;32768;37;3.63612e+06
KMH;32768;38;3.69791e+06
KMH;32768;39;3.69807e+06
KMH;32768;40;3.61844e+06
KMH;32768;41;3.58061e+06
KMH;32768;42;3.65213e+06
KMH;32768;43;3.59817e+06
KMH;32768;44;3.57741e+06
KMH;32768;45;3.57928e+06
KMH;32768;46;3.58018e+06
KMH;32768;47;3.57546e+06
KMH;32768;48;3.67399e+06
KMH;32768;49;3.69122e+06
KMH;32768;50;3.60865e+06
KMH;32768;51;3.70023e+06
