Algoritmo;Dimensione (k);Funzione hash;Tempo di esecuzione
KMH;1;1;15
KMH;1;2;13
KMH;1;3;14
KMH;1;4;18
KMH;1;5;18
KMH;1;6;14
KMH;1;7;14
KMH;1;8;18
KMH;1;9;20
KMH;1;10;14
KMH;1;11;14
KMH;1;12;14
KMH;1;13;18
KMH;1;14;18
KMH;1;15;14
KMH;1;16;13
KMH;1;17;13
KMH;1;18;13
KMH;1;19;18
KMH;1;20;13
KMH;1;21;14
KMH;1;22;18
KMH;1;23;14
KMH;1;24;13
KMH;1;25;13
KMH;1;26;14
KMH;1;27;13
KMH;1;28;14
KMH;1;29;14
KMH;1;30;14
KMH;1;31;14
KMH;1;32;14
KMH;1;33;14
KMH;1;34;13
KMH;1;35;13
KMH;1;36;13
KMH;1;37;13
KMH;1;38;14
KMH;1;39;17
KMH;1;40;14
KMH;1;41;13
KMH;1;42;13
KMH;1;43;13
KMH;1;44;13
KMH;1;45;14
KMH;1;46;14
KMH;1;47;14
KMH;1;48;14
KMH;1;49;18
KMH;1;50;14
KMH;1;51;13
KMH;1;52;14
KMH;1;53;18
KMH;1;54;13
KMH;1;55;13
KMH;1;56;13
KMH;1;57;13
KMH;1;58;13
KMH;1;59;17
KMH;1;60;13
KMH;1;61;13
KMH;1;62;13
KMH;1;63;13
KMH;1;64;13
KMH;1;65;13
KMH;1;66;13
KMH;1;67;13
KMH;1;68;13
KMH;1;69;13
KMH;1;70;13
KMH;1;71;13
KMH;1;72;13
KMH;1;73;13
KMH;1;74;13
KMH;1;75;13
KMH;1;76;13
KMH;1;77;17
KMH;1;78;13
KMH;1;79;13
KMH;1;80;13
KMH;1;81;13
KMH;1;82;13
KMH;1;83;13
KMH;1;84;17
KMH;1;85;13
KMH;1;86;13
KMH;1;87;13
KMH;1;88;13
KMH;1;89;13
KMH;1;90;13
KMH;1;91;13
KMH;1;92;13
KMH;1;93;13
KMH;1;94;13
KMH;1;95;13
KMH;1;96;13
KMH;1;97;13
KMH;1;98;13
KMH;1;99;13
KMH;1;100;13
KMH;2;1;27
KMH;2;2;27
KMH;2;3;27
KMH;2;4;27
KMH;2;5;36
KMH;2;6;26
KMH;2;7;26
KMH;2;8;30
KMH;2;9;26
KMH;2;10;31
KMH;2;11;27
KMH;2;12;27
KMH;2;13;27
KMH;2;14;27
KMH;2;15;27
KMH;2;16;27
KMH;2;17;27
KMH;2;18;27
KMH;2;19;27
KMH;2;20;27
KMH;2;21;27
KMH;2;22;26
KMH;2;23;26
KMH;2;24;26
KMH;2;25;26
KMH;2;26;26
KMH;2;27;26
KMH;2;28;26
KMH;2;29;26
KMH;2;30;26
KMH;2;31;26
KMH;2;32;26
KMH;2;33;26
KMH;2;34;26
KMH;2;35;26
KMH;2;36;26
KMH;2;37;26
KMH;2;38;26
KMH;2;39;26
KMH;2;40;26
KMH;2;41;26
KMH;2;42;26
KMH;2;43;26
KMH;2;44;26
KMH;2;45;26
KMH;2;46;26
KMH;2;47;26
KMH;2;48;26
KMH;2;49;26
KMH;2;50;26
KMH;2;51;30
KMH;2;52;26
KMH;2;53;26
KMH;2;54;26
KMH;2;55;26
KMH;2;56;26
KMH;2;57;26
KMH;2;58;26
KMH;2;59;26
KMH;2;60;26
KMH;2;61;26
KMH;2;62;26
KMH;2;63;26
KMH;2;64;26
KMH;2;65;26
KMH;2;66;26
KMH;2;67;26
KMH;2;68;26
KMH;2;69;26
KMH;2;70;26
KMH;2;71;26
KMH;2;72;26
KMH;2;73;26
KMH;2;74;26
KMH;2;75;26
KMH;2;76;26
KMH;2;77;26
KMH;2;78;26
KMH;2;79;26
KMH;2;80;26
KMH;2;81;26
KMH;2;82;26
KMH;2;83;26
KMH;2;84;26
KMH;2;85;26
KMH;2;86;26
KMH;2;87;26
KMH;2;88;26
KMH;2;89;26
KMH;2;90;26
KMH;2;91;26
KMH;2;92;26
KMH;2;93;30
KMH;2;94;26
KMH;2;95;26
KMH;2;96;26
KMH;2;97;26
KMH;2;98;26
KMH;2;99;26
KMH;2;100;26
KMH;4;1;54
KMH;4;2;59
KMH;4;3;54
KMH;4;4;52
KMH;4;5;52
KMH;4;6;52
KMH;4;7;52
KMH;4;8;52
KMH;4;9;60
KMH;4;10;52
KMH;4;11;52
KMH;4;12;52
KMH;4;13;52
KMH;4;14;56
KMH;4;15;52
KMH;4;16;52
KMH;4;17;52
KMH;4;18;57
KMH;4;19;52
KMH;4;20;52
KMH;4;21;52
KMH;4;22;52
KMH;4;23;52
KMH;4;24;56
KMH;4;25;52
KMH;4;26;52
KMH;4;27;52
KMH;4;28;52
KMH;4;29;52
KMH;4;30;52
KMH;4;31;56
KMH;4;32;52
KMH;4;33;56
KMH;4;34;52
KMH;4;35;52
KMH;4;36;52
KMH;4;37;52
KMH;4;38;52
KMH;4;39;52
KMH;4;40;52
KMH;4;41;52
KMH;4;42;52
KMH;4;43;52
KMH;4;44;57
KMH;4;45;52
KMH;4;46;52
KMH;4;47;56
KMH;4;48;52
KMH;4;49;52
KMH;4;50;52
KMH;4;51;52
KMH;4;52;52
KMH;4;53;52
KMH;4;54;52
KMH;4;55;52
KMH;4;56;52
KMH;4;57;52
KMH;4;58;56
KMH;4;59;52
KMH;4;60;52
KMH;4;61;57
KMH;4;62;52
KMH;4;63;52
KMH;4;64;56
KMH;4;65;52
KMH;4;66;52
KMH;4;67;52
KMH;4;68;52
KMH;4;69;52
KMH;4;70;52
KMH;4;71;52
KMH;4;72;52
KMH;4;73;52
KMH;4;74;52
KMH;4;75;52
KMH;4;76;52
KMH;4;77;52
KMH;4;78;52
KMH;4;79;52
KMH;4;80;52
KMH;4;81;52
KMH;4;82;52
KMH;4;83;52
KMH;4;84;52
KMH;4;85;56
KMH;4;86;52
KMH;4;87;57
KMH;4;88;57
KMH;4;89;52
KMH;4;90;52
KMH;4;91;52
KMH;4;92;52
KMH;4;93;52
KMH;4;94;52
KMH;4;95;52
KMH;4;96;57
KMH;4;97;52
KMH;4;98;52
KMH;4;99;52
KMH;4;100;52
KMH;8;1;108
KMH;8;2;107
KMH;8;3;109
KMH;8;4;105
KMH;8;5;104
KMH;8;6;104
KMH;8;7;104
KMH;8;8;109
KMH;8;9;105
KMH;8;10;105
KMH;8;11;104
KMH;8;12;105
KMH;8;13;113
KMH;8;14;105
KMH;8;15;105
KMH;8;16;105
KMH;8;17;105
KMH;8;18;105
KMH;8;19;104
KMH;8;20;104
KMH;8;21;104
KMH;8;22;104
KMH;8;23;105
KMH;8;24;108
KMH;8;25;104
KMH;8;26;104
KMH;8;27;105
KMH;8;28;104
KMH;8;29;108
KMH;8;30;105
KMH;8;31;105
KMH;8;32;104
KMH;8;33;109
KMH;8;34;104
KMH;8;35;109
KMH;8;36;104
KMH;8;37;105
KMH;8;38;104
KMH;8;39;109
KMH;8;40;109
KMH;8;41;111
KMH;8;42;105
KMH;8;43;105
KMH;8;44;104
KMH;8;45;115
KMH;8;46;108
KMH;8;47;104
KMH;8;48;105
KMH;8;49;104
KMH;8;50;104
KMH;8;51;104
KMH;8;52;105
KMH;8;53;105
KMH;8;54;104
KMH;8;55;104
KMH;8;56;105
KMH;8;57;105
KMH;8;58;107
KMH;8;59;104
KMH;8;60;104
KMH;8;61;106
KMH;8;62;104
KMH;8;63;105
KMH;8;64;104
KMH;8;65;105
KMH;8;66;105
KMH;8;67;105
KMH;8;68;105
KMH;8;69;105
KMH;8;70;105
KMH;8;71;104
KMH;8;72;105
KMH;8;73;104
KMH;8;74;109
KMH;8;75;104
KMH;8;76;105
KMH;8;77;104
KMH;8;78;105
KMH;8;79;105
KMH;8;80;105
KMH;8;81;104
KMH;8;82;105
KMH;8;83;104
KMH;8;84;104
KMH;8;85;105
KMH;8;86;105
KMH;8;87;104
KMH;8;88;104
KMH;8;89;104
KMH;8;90;105
KMH;8;91;105
KMH;8;92;105
KMH;8;93;105
KMH;8;94;104
KMH;8;95;105
KMH;8;96;104
KMH;8;97;104
KMH;8;98;105
KMH;8;99;105
KMH;8;100;105
KMH;16;1;218
KMH;16;2;212
KMH;16;3;209
KMH;16;4;214
KMH;16;5;218
KMH;16;6;214
KMH;16;7;209
KMH;16;8;209
KMH;16;9;209
KMH;16;10;209
KMH;16;11;209
KMH;16;12;213
KMH;16;13;209
KMH;16;14;209
KMH;16;15;214
KMH;16;16;209
KMH;16;17;209
KMH;16;18;212
KMH;16;19;209
KMH;16;20;209
KMH;16;21;209
KMH;16;22;209
KMH;16;23;213
KMH;16;24;213
KMH;16;25;212
KMH;16;26;212
KMH;16;27;209
KMH;16;28;213
KMH;16;29;209
KMH;16;30;209
KMH;16;31;212
KMH;16;32;214
KMH;16;33;217
KMH;16;34;217
KMH;16;35;216
KMH;16;36;217
KMH;16;37;219
KMH;16;38;215
KMH;16;39;209
KMH;16;40;209
KMH;16;41;209
KMH;16;42;209
KMH;16;43;209
KMH;16;44;209
KMH;16;45;209
KMH;16;46;209
KMH;16;47;209
KMH;16;48;209
KMH;16;49;209
KMH;16;50;209
KMH;16;51;209
KMH;16;52;209
KMH;16;53;209
KMH;16;54;209
KMH;16;55;209
KMH;16;56;209
KMH;16;57;209
KMH;16;58;209
KMH;16;59;209
KMH;16;60;209
KMH;16;61;209
KMH;16;62;209
KMH;16;63;209
KMH;16;64;209
KMH;16;65;209
KMH;16;66;209
KMH;16;67;210
KMH;16;68;213
KMH;16;69;212
KMH;16;70;209
KMH;16;71;214
KMH;16;72;209
KMH;16;73;213
KMH;16;74;209
KMH;16;75;209
KMH;16;76;216
KMH;16;77;209
KMH;16;78;209
KMH;16;79;213
KMH;16;80;213
KMH;16;81;212
KMH;16;82;209
KMH;16;83;209
KMH;16;84;209
KMH;16;85;214
KMH;16;86;209
KMH;16;87;209
KMH;16;88;209
KMH;16;89;215
KMH;16;90;209
KMH;16;91;209
KMH;16;92;209
KMH;16;93;213
KMH;16;94;213
KMH;16;95;213
KMH;16;96;210
KMH;16;97;216
KMH;16;98;211
KMH;16;99;216
KMH;16;100;209
KMH;32;1;433
KMH;32;2;422
KMH;32;3;422
KMH;32;4;418
KMH;32;5;422
KMH;32;6;424
KMH;32;7;422
KMH;32;8;422
KMH;32;9;428
KMH;32;10;418
KMH;32;11;419
KMH;32;12;419
KMH;32;13;421
KMH;32;14;419
KMH;32;15;421
KMH;32;16;428
KMH;32;17;427
KMH;32;18;419
KMH;32;19;419
KMH;32;20;419
KMH;32;21;418
KMH;32;22;418
KMH;32;23;419
KMH;32;24;424
KMH;32;25;424
KMH;32;26;419
KMH;32;27;426
KMH;32;28;422
KMH;32;29;420
KMH;32;30;425
KMH;32;31;421
KMH;32;32;421
KMH;32;33;424
KMH;32;34;421
KMH;32;35;422
KMH;32;36;419
KMH;32;37;422
KMH;32;38;417
KMH;32;39;421
KMH;32;40;422
KMH;32;41;423
KMH;32;42;421
KMH;32;43;422
KMH;32;44;418
KMH;32;45;427
KMH;32;46;422
KMH;32;47;422
KMH;32;48;424
KMH;32;49;427
KMH;32;50;421
KMH;32;51;422
KMH;32;52;421
KMH;32;53;418
KMH;32;54;419
KMH;32;55;423
KMH;32;56;418
KMH;32;57;423
KMH;32;58;419
KMH;32;59;419
KMH;32;60;419
KMH;32;61;418
KMH;32;62;420
KMH;32;63;421
KMH;32;64;426
KMH;32;65;429
KMH;32;66;426
KMH;32;67;419
KMH;32;68;418
KMH;32;69;426
KMH;32;70;427
KMH;32;71;422
KMH;32;72;422
KMH;32;73;421
KMH;32;74;453
KMH;32;75;423
KMH;32;76;421
KMH;32;77;421
KMH;32;78;419
KMH;32;79;434
KMH;32;80;435
KMH;32;81;431
KMH;32;82;421
KMH;32;83;421
KMH;32;84;421
KMH;32;85;422
KMH;32;86;429
KMH;32;87;419
KMH;32;88;422
KMH;32;89;421
KMH;32;90;421
KMH;32;91;421
KMH;32;92;420
KMH;32;93;423
KMH;32;94;426
KMH;32;95;421
KMH;32;96;424
KMH;32;97;426
KMH;32;98;425
KMH;32;99;426
KMH;32;100;421
KMH;64;1;840
KMH;64;2;834
KMH;64;3;838
KMH;64;4;838
KMH;64;5;832
KMH;64;6;831
KMH;64;7;848
KMH;64;8;837
KMH;64;9;869
KMH;64;10;868
KMH;64;11;834
KMH;64;12;831
KMH;64;13;834
KMH;64;14;842
KMH;64;15;850
KMH;64;16;830
KMH;64;17;837
KMH;64;18;834
KMH;64;19;839
KMH;64;20;834
KMH;64;21;843
KMH;64;22;839
KMH;64;23;837
KMH;64;24;834
KMH;64;25;834
KMH;64;26;841
KMH;64;27;836
KMH;64;28;836
KMH;64;29;834
KMH;64;30;834
KMH;64;31;840
KMH;64;32;836
KMH;64;33;839
KMH;64;34;839
KMH;64;35;833
KMH;64;36;837
KMH;64;37;830
KMH;64;38;836
KMH;64;39;844
KMH;64;40;831
KMH;64;41;869
KMH;64;42;831
KMH;64;43;833
KMH;64;44;836
KMH;64;45;841
KMH;64;46;838
KMH;64;47;840
KMH;64;48;834
KMH;64;49;838
KMH;64;50;837
KMH;64;51;831
KMH;64;52;837
KMH;64;53;844
KMH;64;54;836
KMH;64;55;843
KMH;64;56;833
KMH;64;57;839
KMH;64;58;831
KMH;64;59;835
KMH;64;60;841
KMH;64;61;840
KMH;64;62;833
KMH;64;63;841
KMH;64;64;831
KMH;64;65;831
KMH;64;66;835
KMH;64;67;833
KMH;64;68;839
KMH;64;69;836
KMH;64;70;831
KMH;64;71;834
KMH;64;72;831
KMH;64;73;843
KMH;64;74;837
KMH;64;75;831
KMH;64;76;831
KMH;64;77;831
KMH;64;78;831
KMH;64;79;841
KMH;64;80;837
KMH;64;81;838
KMH;64;82;833
KMH;64;83;845
KMH;64;84;834
KMH;64;85;835
KMH;64;86;834
KMH;64;87;840
KMH;64;88;837
KMH;64;89;836
KMH;64;90;837
KMH;64;91;833
KMH;64;92;836
KMH;64;93;834
KMH;64;94;836
KMH;64;95;836
KMH;64;96;833
KMH;64;97;831
KMH;64;98;853
KMH;64;99;834
KMH;64;100;843
KMH;128;1;1669
KMH;128;2;1668
KMH;128;3;1658
KMH;128;4;1658
KMH;128;5;1658
KMH;128;6;1664
KMH;128;7;1665
KMH;128;8;1664
KMH;128;9;1661
KMH;128;10;1677
KMH;128;11;1667
KMH;128;12;1662
KMH;128;13;1657
KMH;128;14;1673
KMH;128;15;1676
KMH;128;16;1659
KMH;128;17;1655
KMH;128;18;1667
KMH;128;19;1658
KMH;128;20;1664
KMH;128;21;1706
KMH;128;22;1671
KMH;128;23;1661
KMH;128;24;1662
KMH;128;25;1655
KMH;128;26;1704
KMH;128;27;1666
KMH;128;28;1664
KMH;128;29;1658
KMH;128;30;1674
KMH;128;31;1662
KMH;128;32;1661
KMH;128;33;1663
KMH;128;34;1664
KMH;128;35;1661
KMH;128;36;1658
KMH;128;37;1672
KMH;128;38;1661
KMH;128;39;1662
KMH;128;40;1660
KMH;128;41;1662
KMH;128;42;1658
KMH;128;43;1663
KMH;128;44;1664
KMH;128;45;1658
KMH;128;46;1674
KMH;128;47;1655
KMH;128;48;1657
KMH;128;49;1665
KMH;128;50;1673
KMH;128;51;1662
KMH;128;52;1668
KMH;128;53;1654
KMH;128;54;1657
KMH;128;55;1659
KMH;128;56;1667
KMH;128;57;1667
KMH;128;58;1675
KMH;128;59;1655
KMH;128;60;1673
KMH;128;61;1670
KMH;128;62;1661
KMH;128;63;1658
KMH;128;64;1656
KMH;128;65;1662
KMH;128;66;1663
KMH;128;67;1662
KMH;128;68;1661
KMH;128;69;1688
KMH;128;70;1671
KMH;128;71;1656
KMH;128;72;1655
KMH;128;73;1656
KMH;128;74;1663
KMH;128;75;1663
KMH;128;76;1654
KMH;128;77;1655
KMH;128;78;1657
KMH;128;79;1660
KMH;128;80;1659
KMH;128;81;1661
KMH;128;82;1659
KMH;128;83;1656
KMH;128;84;1655
KMH;128;85;1660
KMH;128;86;1669
KMH;128;87;1722
KMH;128;88;1703
KMH;128;89;1654
KMH;128;90;1666
KMH;128;91;1663
KMH;128;92;1658
KMH;128;93;1660
KMH;128;94;1662
KMH;128;95;1663
KMH;128;96;1659
KMH;128;97;1658
KMH;128;98;1672
KMH;128;99;1655
KMH;128;100;1668
KMH;256;1;3363
KMH;256;2;3311
KMH;256;3;3339
KMH;256;4;3341
KMH;256;5;3363
KMH;256;6;3360
KMH;256;7;3372
KMH;256;8;3322
KMH;256;9;3332
KMH;256;10;3359
KMH;256;11;3368
KMH;256;12;3353
KMH;256;13;3355
KMH;256;14;3356
KMH;256;15;3344
KMH;256;16;3355
KMH;256;17;3348
KMH;256;18;3348
KMH;256;19;3424
KMH;256;20;3475
KMH;256;21;3450
KMH;256;22;3419
KMH;256;23;3400
KMH;256;24;3361
KMH;256;25;3325
KMH;256;26;3307
KMH;256;27;3310
KMH;256;28;3322
KMH;256;29;3319
KMH;256;30;3306
KMH;256;31;3314
KMH;256;32;3317
KMH;256;33;3319
KMH;256;34;3304
KMH;256;35;3316
KMH;256;36;3315
KMH;256;37;3319
KMH;256;38;3321
KMH;256;39;3313
KMH;256;40;3308
KMH;256;41;3320
KMH;256;42;3319
KMH;256;43;3322
KMH;256;44;3312
KMH;256;45;3324
KMH;256;46;3306
KMH;256;47;3327
KMH;256;48;3324
KMH;256;49;3317
KMH;256;50;3307
KMH;256;51;3394
KMH;256;52;3306
KMH;256;53;3333
KMH;256;54;3316
KMH;256;55;3325
KMH;256;56;3341
KMH;256;57;3311
KMH;256;58;3311
KMH;256;59;3329
KMH;256;60;3309
KMH;256;61;3338
KMH;256;62;3311
KMH;256;63;3337
KMH;256;64;3308
KMH;256;65;3336
KMH;256;66;3309
KMH;256;67;3321
KMH;256;68;3325
KMH;256;69;3324
KMH;256;70;3305
KMH;256;71;3335
KMH;256;72;3304
KMH;256;73;3323
KMH;256;74;3307
KMH;256;75;3332
KMH;256;76;3303
KMH;256;77;3336
KMH;256;78;3306
KMH;256;79;3318
KMH;256;80;3320
KMH;256;81;3345
KMH;256;82;3312
KMH;256;83;3341
KMH;256;84;3310
KMH;256;85;3336
KMH;256;86;3410
KMH;256;87;3310
KMH;256;88;3307
KMH;256;89;3344
KMH;256;90;3305
KMH;256;91;3327
KMH;256;92;3318
KMH;256;93;3321
KMH;256;94;3317
KMH;256;95;3331
KMH;256;96;3320
KMH;256;97;3312
KMH;256;98;3308
KMH;256;99;3320
KMH;256;100;3322
KMH;512;1;6656
KMH;512;2;6644
KMH;512;3;6626
KMH;512;4;6610
KMH;512;5;6641
KMH;512;6;6687
KMH;512;7;6617
KMH;512;8;6612
KMH;512;9;6657
KMH;512;10;6634
KMH;512;11;6629
KMH;512;12;6635
KMH;512;13;6623
KMH;512;14;6615
KMH;512;15;6637
KMH;512;16;6643
KMH;512;17;6615
KMH;512;18;6616
KMH;512;19;6611
KMH;512;20;6613
KMH;512;21;6680
KMH;512;22;6761
KMH;512;23;6626
KMH;512;24;6624
KMH;512;25;6620
KMH;512;26;6632
KMH;512;27;6633
KMH;512;28;6653
KMH;512;29;6663
KMH;512;30;6622
KMH;512;31;6633
KMH;512;32;6627
KMH;512;33;6617
KMH;512;34;6641
KMH;512;35;6608
KMH;512;36;6625
KMH;512;37;6618
KMH;512;38;6640
KMH;512;39;6630
KMH;512;40;6642
KMH;512;41;6662
KMH;512;42;6630
KMH;512;43;6636
KMH;512;44;6624
KMH;512;45;6626
KMH;512;46;6638
KMH;512;47;6640
KMH;512;48;6631
KMH;512;49;6629
KMH;512;50;6644
KMH;512;51;6631
KMH;512;52;6628
KMH;512;53;6665
KMH;512;54;6614
KMH;512;55;6635
KMH;512;56;6618
KMH;512;57;6628
KMH;512;58;6628
KMH;512;59;6670
KMH;512;60;6653
KMH;512;61;6642
KMH;512;62;6640
KMH;512;63;6631
KMH;512;64;6677
KMH;512;65;6645
KMH;512;66;6658
KMH;512;67;6635
KMH;512;68;6627
KMH;512;69;6650
KMH;512;70;6655
KMH;512;71;6626
KMH;512;72;6616
KMH;512;73;6620
KMH;512;74;6631
KMH;512;75;6638
KMH;512;76;6637
KMH;512;77;6632
KMH;512;78;6636
KMH;512;79;6665
KMH;512;80;6631
KMH;512;81;6615
KMH;512;82;6618
KMH;512;83;6644
KMH;512;84;6639
KMH;512;85;6622
KMH;512;86;6641
KMH;512;87;6637
KMH;512;88;6664
KMH;512;89;6637
KMH;512;90;6627
KMH;512;91;6646
KMH;512;92;6617
KMH;512;93;6607
KMH;512;94;6616
KMH;512;95;6615
KMH;512;96;6614
KMH;512;97;6733
KMH;512;98;6656
KMH;512;99;6643
KMH;512;100;6644
KMH;1024;1;13290
KMH;1024;2;13245
KMH;1024;3;13320
KMH;1024;4;13272
KMH;1024;5;13221
KMH;1024;6;13315
KMH;1024;7;13257
KMH;1024;8;13261
KMH;1024;9;13260
KMH;1024;10;13301
KMH;1024;11;13265
KMH;1024;12;13257
KMH;1024;13;13261
KMH;1024;14;13267
KMH;1024;15;13234
KMH;1024;16;13244
KMH;1024;17;13234
KMH;1024;18;13254
KMH;1024;19;13248
KMH;1024;20;13259
KMH;1024;21;13301
KMH;1024;22;13439
KMH;1024;23;13280
KMH;1024;24;13273
KMH;1024;25;13271
KMH;1024;26;13238
KMH;1024;27;13284
KMH;1024;28;13247
KMH;1024;29;13270
KMH;1024;30;13249
KMH;1024;31;13244
KMH;1024;32;13279
KMH;1024;33;13271
KMH;1024;34;13266
KMH;1024;35;13225
KMH;1024;36;13299
KMH;1024;37;13293
KMH;1024;38;13290
KMH;1024;39;13288
KMH;1024;40;13304
KMH;1024;41;13292
KMH;1024;42;13247
KMH;1024;43;13267
KMH;1024;44;13272
KMH;1024;45;13269
KMH;1024;46;13256
KMH;1024;47;13267
KMH;1024;48;13314
KMH;1024;49;13285
KMH;1024;50;13263
KMH;1024;51;13254
KMH;1024;52;13263
KMH;1024;53;13262
KMH;1024;54;13246
KMH;1024;55;13273
KMH;1024;56;13243
KMH;1024;57;13242
KMH;1024;58;13693
KMH;1024;59;13247
KMH;1024;60;13244
KMH;1024;61;13290
KMH;1024;62;13326
KMH;1024;63;13321
KMH;1024;64;13236
KMH;1024;65;13252
KMH;1024;66;13231
KMH;1024;67;13269
KMH;1024;68;13281
KMH;1024;69;13308
KMH;1024;70;13265
KMH;1024;71;13296
KMH;1024;72;13222
KMH;1024;73;13276
KMH;1024;74;13297
KMH;1024;75;13234
KMH;1024;76;13257
KMH;1024;77;13242
KMH;1024;78;13266
KMH;1024;79;13286
KMH;1024;80;13299
KMH;1024;81;13254
KMH;1024;82;13276
KMH;1024;83;13261
KMH;1024;84;13246
KMH;1024;85;13243
KMH;1024;86;13249
KMH;1024;87;13256
KMH;1024;88;13251
KMH;1024;89;13299
KMH;1024;90;13238
KMH;1024;91;13240
KMH;1024;92;13264
KMH;1024;93;13214
KMH;1024;94;13261
KMH;1024;95;13223
KMH;1024;96;13253
KMH;1024;97;13247
KMH;1024;98;13280
KMH;1024;99;13333
KMH;1024;100;13286
KMH;2048;1;26526
KMH;2048;2;26583
KMH;2048;3;26481
KMH;2048;4;26482
KMH;2048;5;26462
KMH;2048;6;26523
KMH;2048;7;26466
KMH;2048;8;26479
KMH;2048;9;26543
KMH;2048;10;26468
KMH;2048;11;26495
KMH;2048;12;26518
KMH;2048;13;26546
KMH;2048;14;26491
KMH;2048;15;26551
KMH;2048;16;26521
KMH;2048;17;26485
KMH;2048;18;26468
KMH;2048;19;26491
KMH;2048;20;26486
KMH;2048;21;26505
KMH;2048;22;26507
KMH;2048;23;26628
KMH;2048;24;26449
KMH;2048;25;26546
KMH;2048;26;26507
KMH;2048;27;26435
KMH;2048;28;26474
KMH;2048;29;26551
KMH;2048;30;26563
KMH;2048;31;26510
KMH;2048;32;26467
KMH;2048;33;26518
KMH;2048;34;26446
KMH;2048;35;26445
KMH;2048;36;26465
KMH;2048;37;26758
KMH;2048;38;26502
KMH;2048;39;26497
KMH;2048;40;26511
KMH;2048;41;26529
KMH;2048;42;26530
KMH;2048;43;26492
KMH;2048;44;26577
KMH;2048;45;26595
KMH;2048;46;26474
KMH;2048;47;26485
KMH;2048;48;26509
KMH;2048;49;26472
KMH;2048;50;26562
KMH;2048;51;26531
KMH;2048;52;26462
KMH;2048;53;26488
KMH;2048;54;26495
KMH;2048;55;26520
KMH;2048;56;26537
KMH;2048;57;26462
KMH;2048;58;26505
KMH;2048;59;26466
KMH;2048;60;26511
KMH;2048;61;26504
KMH;2048;62;26429
KMH;2048;63;26531
KMH;2048;64;26533
KMH;2048;65;26564
KMH;2048;66;26502
KMH;2048;67;26522
KMH;2048;68;26508
KMH;2048;69;26545
KMH;2048;70;26573
KMH;2048;71;26500
KMH;2048;72;26556
KMH;2048;73;26533
KMH;2048;74;26479
KMH;2048;75;26634
KMH;2048;76;26517
KMH;2048;77;26619
KMH;2048;78;26512
KMH;2048;79;26566
KMH;2048;80;26574
KMH;2048;81;26457
KMH;2048;82;26559
KMH;2048;83;26517
KMH;2048;84;26519
KMH;2048;85;26481
KMH;2048;86;26518
KMH;2048;87;26519
KMH;2048;88;26463
KMH;2048;89;26538
KMH;2048;90;26491
KMH;2048;91;26504
KMH;2048;92;26609
KMH;2048;93;26495
KMH;2048;94;26554
KMH;2048;95;26652
KMH;2048;96;26575
KMH;2048;97;26482
KMH;2048;98;26467
KMH;2048;99;26508
KMH;2048;100;26446
KMH;4096;1;53066
KMH;4096;2;53061
KMH;4096;3;52942
KMH;4096;4;53006
KMH;4096;5;53015
KMH;4096;6;53226
KMH;4096;7;53046
KMH;4096;8;52990
KMH;4096;9;52961
KMH;4096;10;52986
KMH;4096;11;53082
KMH;4096;12;52982
KMH;4096;13;52950
KMH;4096;14;52963
KMH;4096;15;52965
KMH;4096;16;53170
KMH;4096;17;53005
KMH;4096;18;53051
KMH;4096;19;52971
KMH;4096;20;53366
KMH;4096;21;52915
KMH;4096;22;52966
KMH;4096;23;52929
KMH;4096;24;52994
KMH;4096;25;53144
KMH;4096;26;53059
KMH;4096;27;52949
KMH;4096;28;52977
KMH;4096;29;53029
KMH;4096;30;53075
KMH;4096;31;53006
KMH;4096;32;52945
KMH;4096;33;53002
KMH;4096;34;52981
KMH;4096;35;53149
KMH;4096;36;52991
KMH;4096;37;53057
KMH;4096;38;52950
KMH;4096;39;53022
KMH;4096;40;53053
KMH;4096;41;53049
KMH;4096;42;52992
KMH;4096;43;53017
KMH;4096;44;53101
KMH;4096;45;52989
KMH;4096;46;53106
KMH;4096;47;53028
KMH;4096;48;53012
KMH;4096;49;52949
KMH;4096;50;52925
KMH;4096;51;53037
KMH;4096;52;52941
KMH;4096;53;53006
KMH;4096;54;53014
KMH;4096;55;52978
KMH;4096;56;52972
KMH;4096;57;53118
KMH;4096;58;53107
KMH;4096;59;53073
KMH;4096;60;53005
KMH;4096;61;53002
KMH;4096;62;53012
KMH;4096;63;52959
KMH;4096;64;52964
KMH;4096;65;52946
KMH;4096;66;52951
KMH;4096;67;53150
KMH;4096;68;52950
KMH;4096;69;53084
KMH;4096;70;53018
KMH;4096;71;52964
KMH;4096;72;53000
KMH;4096;73;52974
KMH;4096;74;53010
KMH;4096;75;52998
KMH;4096;76;52903
KMH;4096;77;53005
KMH;4096;78;53021
KMH;4096;79;52965
KMH;4096;80;53054
KMH;4096;81;52999
KMH;4096;82;53241
KMH;4096;83;53114
KMH;4096;84;53034
KMH;4096;85;52966
KMH;4096;86;53132
KMH;4096;87;53018
KMH;4096;88;52948
KMH;4096;89;53007
KMH;4096;90;53024
KMH;4096;91;53079
KMH;4096;92;52977
KMH;4096;93;52918
KMH;4096;94;53021
KMH;4096;95;52980
KMH;4096;96;53087
KMH;4096;97;53158
KMH;4096;98;52941
KMH;4096;99;52990
KMH;4096;100;53461
OPH;1;1;19
OPH;1;2;24
OPH;1;3;19
OPH;1;4;17
OPH;1;5;17
OPH;1;6;23
OPH;1;7;18
OPH;1;8;17
OPH;1;9;19
OPH;1;10;17
OPH;1;11;17
OPH;1;12;17
OPH;1;13;24
OPH;1;14;17
OPH;1;15;19
OPH;1;16;13
OPH;1;17;23
OPH;1;18;18
OPH;1;19;17
OPH;1;20;18
OPH;1;21;17
OPH;1;22;18
OPH;1;23;17
OPH;1;24;18
OPH;1;25;18
OPH;1;26;18
OPH;1;27;13
OPH;1;28;13
OPH;1;29;18
OPH;1;30;17
OPH;1;31;17
OPH;1;32;17
OPH;1;33;19
OPH;1;34;17
OPH;1;35;18
OPH;1;36;17
OPH;1;37;18
OPH;1;38;17
OPH;1;39;22
OPH;1;40;22
OPH;1;41;23
OPH;1;42;18
OPH;1;43;19
OPH;1;44;17
OPH;1;45;17
OPH;1;46;17
OPH;1;47;23
OPH;1;48;23
OPH;1;49;17
OPH;1;50;18
OPH;1;51;18
OPH;1;52;18
OPH;1;53;18
OPH;1;54;18
OPH;1;55;18
OPH;1;56;17
OPH;1;57;23
OPH;1;58;23
OPH;1;59;18
OPH;1;60;22
OPH;1;61;18
OPH;1;62;23
OPH;1;63;18
OPH;1;64;23
OPH;1;65;14
OPH;1;66;13
OPH;1;67;13
OPH;1;68;19
OPH;1;69;14
OPH;1;70;18
OPH;1;71;14
OPH;1;72;14
OPH;1;73;14
OPH;1;74;19
OPH;1;75;14
OPH;1;76;14
OPH;1;77;18
OPH;1;78;18
OPH;1;79;14
OPH;1;80;14
OPH;1;81;18
OPH;1;82;16
OPH;1;83;16
OPH;1;84;16
OPH;1;85;17
OPH;1;86;16
OPH;1;87;16
OPH;1;88;16
OPH;1;89;17
OPH;1;90;17
OPH;1;91;16
OPH;1;92;17
OPH;1;93;17
OPH;1;94;17
OPH;1;95;16
OPH;1;96;16
OPH;1;97;16
OPH;1;98;16
OPH;1;99;16
OPH;1;100;16
OPH;2;1;15
OPH;2;2;18
OPH;2;3;18
OPH;2;4;17
OPH;2;5;17
OPH;2;6;16
OPH;2;7;16
OPH;2;8;16
OPH;2;9;16
OPH;2;10;16
OPH;2;11;17
OPH;2;12;16
OPH;2;13;16
OPH;2;14;17
OPH;2;15;16
OPH;2;16;16
OPH;2;17;16
OPH;2;18;17
OPH;2;19;17
OPH;2;20;17
OPH;2;21;16
OPH;2;22;16
OPH;2;23;16
OPH;2;24;16
OPH;2;25;16
OPH;2;26;16
OPH;2;27;16
OPH;2;28;16
OPH;2;29;16
OPH;2;30;17
OPH;2;31;17
OPH;2;32;17
OPH;2;33;16
OPH;2;34;16
OPH;2;35;17
OPH;2;36;16
OPH;2;37;17
OPH;2;38;16
OPH;2;39;16
OPH;2;40;16
OPH;2;41;17
OPH;2;42;16
OPH;2;43;17
OPH;2;44;17
OPH;2;45;16
OPH;2;46;16
OPH;2;47;17
OPH;2;48;16
OPH;2;49;16
OPH;2;50;16
OPH;2;51;16
OPH;2;52;16
OPH;2;53;17
OPH;2;54;16
OPH;2;55;16
OPH;2;56;16
OPH;2;57;16
OPH;2;58;16
OPH;2;59;16
OPH;2;60;16
OPH;2;61;16
OPH;2;62;16
OPH;2;63;16
OPH;2;64;16
OPH;2;65;16
OPH;2;66;17
OPH;2;67;17
OPH;2;68;17
OPH;2;69;16
OPH;2;70;16
OPH;2;71;17
OPH;2;72;17
OPH;2;73;16
OPH;2;74;17
OPH;2;75;17
OPH;2;76;16
OPH;2;77;16
OPH;2;78;16
OPH;2;79;16
OPH;2;80;16
OPH;2;81;16
OPH;2;82;16
OPH;2;83;16
OPH;2;84;16
OPH;2;85;14
OPH;2;86;18
OPH;2;87;18
OPH;2;88;17
OPH;2;89;17
OPH;2;90;16
OPH;2;91;17
OPH;2;92;17
OPH;2;93;17
OPH;2;94;18
OPH;2;95;17
OPH;2;96;16
OPH;2;97;17
OPH;2;98;17
OPH;2;99;17
OPH;2;100;17
OPH;4;1;14
OPH;4;2;17
OPH;4;3;17
OPH;4;4;17
OPH;4;5;17
OPH;4;6;17
OPH;4;7;17
OPH;4;8;17
OPH;4;9;17
OPH;4;10;17
OPH;4;11;17
OPH;4;12;17
OPH;4;13;17
OPH;4;14;17
OPH;4;15;16
OPH;4;16;18
OPH;4;17;16
OPH;4;18;17
OPH;4;19;17
OPH;4;20;17
OPH;4;21;16
OPH;4;22;16
OPH;4;23;16
OPH;4;24;17
OPH;4;25;17
OPH;4;26;16
OPH;4;27;17
OPH;4;28;17
OPH;4;29;16
OPH;4;30;17
OPH;4;31;17
OPH;4;32;16
OPH;4;33;16
OPH;4;34;16
OPH;4;35;16
OPH;4;36;16
OPH;4;37;17
OPH;4;38;17
OPH;4;39;17
OPH;4;40;16
OPH;4;41;16
OPH;4;42;16
OPH;4;43;17
OPH;4;44;16
OPH;4;45;16
OPH;4;46;16
OPH;4;47;17
OPH;4;48;16
OPH;4;49;16
OPH;4;50;16
OPH;4;51;16
OPH;4;52;17
OPH;4;53;17
OPH;4;54;17
OPH;4;55;17
OPH;4;56;17
OPH;4;57;16
OPH;4;58;16
OPH;4;59;16
OPH;4;60;16
OPH;4;61;16
OPH;4;62;16
OPH;4;63;17
OPH;4;64;16
OPH;4;65;17
OPH;4;66;16
OPH;4;67;16
OPH;4;68;17
OPH;4;69;17
OPH;4;70;17
OPH;4;71;16
OPH;4;72;14
OPH;4;73;14
OPH;4;74;14
OPH;4;75;14
OPH;4;76;14
OPH;4;77;14
OPH;4;78;14
OPH;4;79;14
OPH;4;80;14
OPH;4;81;14
OPH;4;82;14
OPH;4;83;14
OPH;4;84;14
OPH;4;85;18
OPH;4;86;14
OPH;4;87;14
OPH;4;88;14
OPH;4;89;14
OPH;4;90;14
OPH;4;91;18
OPH;4;92;14
OPH;4;93;14
OPH;4;94;14
OPH;4;95;14
OPH;4;96;19
OPH;4;97;17
OPH;4;98;17
OPH;4;99;16
OPH;4;100;17
OPH;8;1;15
OPH;8;2;17
OPH;8;3;18
OPH;8;4;15
OPH;8;5;15
OPH;8;6;15
OPH;8;7;14
OPH;8;8;15
OPH;8;9;14
OPH;8;10;14
OPH;8;11;15
OPH;8;12;14
OPH;8;13;14
OPH;8;14;14
OPH;8;15;18
OPH;8;16;14
OPH;8;17;18
OPH;8;18;14
OPH;8;19;14
OPH;8;20;14
OPH;8;21;14
OPH;8;22;14
OPH;8;23;20
OPH;8;24;17
OPH;8;25;17
OPH;8;26;18
OPH;8;27;17
OPH;8;28;17
OPH;8;29;17
OPH;8;30;17
OPH;8;31;18
OPH;8;32;17
OPH;8;33;17
OPH;8;34;17
OPH;8;35;18
OPH;8;36;17
OPH;8;37;17
OPH;8;38;17
OPH;8;39;17
OPH;8;40;18
OPH;8;41;17
OPH;8;42;17
OPH;8;43;16
OPH;8;44;17
OPH;8;45;17
OPH;8;46;19
OPH;8;47;17
OPH;8;48;17
OPH;8;49;17
OPH;8;50;17
OPH;8;51;18
OPH;8;52;17
OPH;8;53;17
OPH;8;54;17
OPH;8;55;17
OPH;8;56;17
OPH;8;57;17
OPH;8;58;17
OPH;8;59;17
OPH;8;60;17
OPH;8;61;17
OPH;8;62;17
OPH;8;63;16
OPH;8;64;14
OPH;8;65;14
OPH;8;66;14
OPH;8;67;17
OPH;8;68;17
OPH;8;69;17
OPH;8;70;17
OPH;8;71;17
OPH;8;72;17
OPH;8;73;17
OPH;8;74;17
OPH;8;75;18
OPH;8;76;17
OPH;8;77;17
OPH;8;78;17
OPH;8;79;17
OPH;8;80;17
OPH;8;81;17
OPH;8;82;17
OPH;8;83;17
OPH;8;84;18
OPH;8;85;17
OPH;8;86;17
OPH;8;87;17
OPH;8;88;17
OPH;8;89;17
OPH;8;90;17
OPH;8;91;17
OPH;8;92;18
OPH;8;93;17
OPH;8;94;17
OPH;8;95;17
OPH;8;96;17
OPH;8;97;17
OPH;8;98;20
OPH;8;99;17
OPH;8;100;17
OPH;16;1;16
OPH;16;2;19
OPH;16;3;18
OPH;16;4;19
OPH;16;5;18
OPH;16;6;19
OPH;16;7;18
OPH;16;8;18
OPH;16;9;18
OPH;16;10;18
OPH;16;11;18
OPH;16;12;17
OPH;16;13;18
OPH;16;14;17
OPH;16;15;18
OPH;16;16;18
OPH;16;17;17
OPH;16;18;15
OPH;16;19;20
OPH;16;20;15
OPH;16;21;15
OPH;16;22;18
OPH;16;23;18
OPH;16;24;18
OPH;16;25;18
OPH;16;26;17
OPH;16;27;18
OPH;16;28;17
OPH;16;29;18
OPH;16;30;18
OPH;16;31;18
OPH;16;32;18
OPH;16;33;18
OPH;16;34;18
OPH;16;35;18
OPH;16;36;18
OPH;16;37;18
OPH;16;38;17
OPH;16;39;18
OPH;16;40;18
OPH;16;41;18
OPH;16;42;17
OPH;16;43;18
OPH;16;44;18
OPH;16;45;18
OPH;16;46;20
OPH;16;47;17
OPH;16;48;20
OPH;16;49;20
OPH;16;50;20
OPH;16;51;20
OPH;16;52;20
OPH;16;53;20
OPH;16;54;18
OPH;16;55;20
OPH;16;56;20
OPH;16;57;20
OPH;16;58;21
OPH;16;59;17
OPH;16;60;20
OPH;16;61;20
OPH;16;62;29
OPH;16;63;20
OPH;16;64;20
OPH;16;65;20
OPH;16;66;17
OPH;16;67;20
OPH;16;68;23
OPH;16;69;20
OPH;16;70;20
OPH;16;71;24
OPH;16;72;19
OPH;16;73;15
OPH;16;74;18
OPH;16;75;20
OPH;16;76;20
OPH;16;77;21
OPH;16;78;20
OPH;16;79;20
OPH;16;80;20
OPH;16;81;20
OPH;16;82;20
OPH;16;83;20
OPH;16;84;21
OPH;16;85;21
OPH;16;86;20
OPH;16;87;20
OPH;16;88;20
OPH;16;89;20
OPH;16;90;20
OPH;16;91;20
OPH;16;92;18
OPH;16;93;17
OPH;16;94;21
OPH;16;95;20
OPH;16;96;17
OPH;16;97;20
OPH;16;98;21
OPH;16;99;20
OPH;16;100;21
OPH;32;1;17
OPH;32;2;22
OPH;32;3;22
OPH;32;4;22
OPH;32;5;22
OPH;32;6;18
OPH;32;7;21
OPH;32;8;21
OPH;32;9;21
OPH;32;10;22
OPH;32;11;21
OPH;32;12;21
OPH;32;13;22
OPH;32;14;22
OPH;32;15;21
OPH;32;16;21
OPH;32;17;21
OPH;32;18;22
OPH;32;19;16
OPH;32;20;16
OPH;32;21;16
OPH;32;22;22
OPH;32;23;21
OPH;32;24;23
OPH;32;25;21
OPH;32;26;21
OPH;32;27;21
OPH;32;28;20
OPH;32;29;21
OPH;32;30;21
OPH;32;31;21
OPH;32;32;21
OPH;32;33;18
OPH;32;34;21
OPH;32;35;21
OPH;32;36;16
OPH;32;37;16
OPH;32;38;16
OPH;32;39;21
OPH;32;40;19
OPH;32;41;21
OPH;32;42;21
OPH;32;43;21
OPH;32;44;21
OPH;32;45;21
OPH;32;46;19
OPH;32;47;19
OPH;32;48;21
OPH;32;49;21
OPH;32;50;21
OPH;32;51;21
OPH;32;52;19
OPH;32;53;21
OPH;32;54;21
OPH;32;55;21
OPH;32;56;21
OPH;32;57;21
OPH;32;58;21
OPH;32;59;21
OPH;32;60;19
OPH;32;61;19
OPH;32;62;21
OPH;32;63;20
OPH;32;64;19
OPH;32;65;21
OPH;32;66;21
OPH;32;67;21
OPH;32;68;21
OPH;32;69;16
OPH;32;70;16
OPH;32;71;16
OPH;32;72;16
OPH;32;73;16
OPH;32;74;16
OPH;32;75;16
OPH;32;76;17
OPH;32;77;17
OPH;32;78;16
OPH;32;79;17
OPH;32;80;16
OPH;32;81;16
OPH;32;82;16
OPH;32;83;16
OPH;32;84;22
OPH;32;85;21
OPH;32;86;20
OPH;32;87;21
OPH;32;88;21
OPH;32;89;21
OPH;32;90;21
OPH;32;91;20
OPH;32;92;21
OPH;32;93;21
OPH;32;94;19
OPH;32;95;21
OPH;32;96;21
OPH;32;97;21
OPH;32;98;21
OPH;32;99;21
OPH;32;100;21
OPH;64;1;18
OPH;64;2;18
OPH;64;3;19
OPH;64;4;19
OPH;64;5;19
OPH;64;6;18
OPH;64;7;18
OPH;64;8;18
OPH;64;9;17
OPH;64;10;22
OPH;64;11;24
OPH;64;12;23
OPH;64;13;18
OPH;64;14;18
OPH;64;15;18
OPH;64;16;18
OPH;64;17;18
OPH;64;18;21
OPH;64;19;22
OPH;64;20;22
OPH;64;21;23
OPH;64;22;22
OPH;64;23;20
OPH;64;24;20
OPH;64;25;18
OPH;64;26;18
OPH;64;27;18
OPH;64;28;22
OPH;64;29;23
OPH;64;30;23
OPH;64;31;22
OPH;64;32;23
OPH;64;33;23
OPH;64;34;22
OPH;64;35;23
OPH;64;36;23
OPH;64;37;23
OPH;64;38;23
OPH;64;39;18
OPH;64;40;23
OPH;64;41;22
OPH;64;42;23
OPH;64;43;23
OPH;64;44;23
OPH;64;45;22
OPH;64;46;23
OPH;64;47;24
OPH;64;48;23
OPH;64;49;22
OPH;64;50;20
OPH;64;51;23
OPH;64;52;23
OPH;64;53;23
OPH;64;54;23
OPH;64;55;24
OPH;64;56;23
OPH;64;57;23
OPH;64;58;22
OPH;64;59;18
OPH;64;60;18
OPH;64;61;18
OPH;64;62;18
OPH;64;63;24
OPH;64;64;20
OPH;64;65;30
OPH;64;66;18
OPH;64;67;21
OPH;64;68;35
OPH;64;69;18
OPH;64;70;23
OPH;64;71;23
OPH;64;72;33
OPH;64;73;18
OPH;64;74;18
OPH;64;75;18
OPH;64;76;18
OPH;64;77;18
OPH;64;78;18
OPH;64;79;18
OPH;64;80;22
OPH;64;81;18
OPH;64;82;17
OPH;64;83;19
OPH;64;84;20
OPH;64;85;18
OPH;64;86;24
OPH;64;87;23
OPH;64;88;22
OPH;64;89;18
OPH;64;90;27
OPH;64;91;22
OPH;64;92;18
OPH;64;93;23
OPH;64;94;23
OPH;64;95;22
OPH;64;96;17
OPH;64;97;23
OPH;64;98;30
OPH;64;99;17
OPH;64;100;18
OPH;128;1;22
OPH;128;2;27
OPH;128;3;36
OPH;128;4;21
OPH;128;5;20
OPH;128;6;27
OPH;128;7;25
OPH;128;8;25
OPH;128;9;33
OPH;128;10;20
OPH;128;11;26
OPH;128;12;23
OPH;128;13;31
OPH;128;14;30
OPH;128;15;25
OPH;128;16;26
OPH;128;17;21
OPH;128;18;20
OPH;128;19;20
OPH;128;20;24
OPH;128;21;32
OPH;128;22;28
OPH;128;23;23
OPH;128;24;25
OPH;128;25;26
OPH;128;26;26
OPH;128;27;25
OPH;128;28;25
OPH;128;29;25
OPH;128;30;25
OPH;128;31;23
OPH;128;32;25
OPH;128;33;26
OPH;128;34;25
OPH;128;35;25
OPH;128;36;25
OPH;128;37;20
OPH;128;38;20
OPH;128;39;25
OPH;128;40;20
OPH;128;41;25
OPH;128;42;21
OPH;128;43;20
OPH;128;44;21
OPH;128;45;20
OPH;128;46;20
OPH;128;47;20
OPH;128;48;19
OPH;128;49;30
OPH;128;50;25
OPH;128;51;25
OPH;128;52;25
OPH;128;53;25
OPH;128;54;25
OPH;128;55;25
OPH;128;56;25
OPH;128;57;23
OPH;128;58;24
OPH;128;59;22
OPH;128;60;23
OPH;128;61;23
OPH;128;62;25
OPH;128;63;20
OPH;128;64;20
OPH;128;65;25
OPH;128;66;24
OPH;128;67;23
OPH;128;68;23
OPH;128;69;23
OPH;128;70;22
OPH;128;71;22
OPH;128;72;22
OPH;128;73;22
OPH;128;74;22
OPH;128;75;23
OPH;128;76;23
OPH;128;77;22
OPH;128;78;22
OPH;128;79;24
OPH;128;80;23
OPH;128;81;23
OPH;128;82;23
OPH;128;83;23
OPH;128;84;23
OPH;128;85;21
OPH;128;86;23
OPH;128;87;22
OPH;128;88;23
OPH;128;89;23
OPH;128;90;23
OPH;128;91;22
OPH;128;92;23
OPH;128;93;24
OPH;128;94;23
OPH;128;95;23
OPH;128;96;23
OPH;128;97;23
OPH;128;98;23
OPH;128;99;23
OPH;128;100;23
OPH;256;1;24
OPH;256;2;27
OPH;256;3;24
OPH;256;4;24
OPH;256;5;23
OPH;256;6;23
OPH;256;7;23
OPH;256;8;26
OPH;256;9;25
OPH;256;10;25
OPH;256;11;25
OPH;256;12;25
OPH;256;13;25
OPH;256;14;26
OPH;256;15;25
OPH;256;16;26
OPH;256;17;25
OPH;256;18;24
OPH;256;19;23
OPH;256;20;23
OPH;256;21;25
OPH;256;22;25
OPH;256;23;25
OPH;256;24;26
OPH;256;25;26
OPH;256;26;25
OPH;256;27;25
OPH;256;28;25
OPH;256;29;24
OPH;256;30;23
OPH;256;31;23
OPH;256;32;23
OPH;256;33;23
OPH;256;34;22
OPH;256;35;23
OPH;256;36;23
OPH;256;37;23
OPH;256;38;28
OPH;256;39;27
OPH;256;40;23
OPH;256;41;25
OPH;256;42;26
OPH;256;43;26
OPH;256;44;25
OPH;256;45;25
OPH;256;46;25
OPH;256;47;25
OPH;256;48;25
OPH;256;49;25
OPH;256;50;27
OPH;256;51;27
OPH;256;52;23
OPH;256;53;24
OPH;256;54;23
OPH;256;55;24
OPH;256;56;24
OPH;256;57;26
OPH;256;58;26
OPH;256;59;26
OPH;256;60;26
OPH;256;61;24
OPH;256;62;24
OPH;256;63;23
OPH;256;64;26
OPH;256;65;26
OPH;256;66;31
OPH;256;67;27
OPH;256;68;23
OPH;256;69;29
OPH;256;70;24
OPH;256;71;24
OPH;256;72;24
OPH;256;73;24
OPH;256;74;24
OPH;256;75;24
OPH;256;76;27
OPH;256;77;26
OPH;256;78;26
OPH;256;79;26
OPH;256;80;26
OPH;256;81;26
OPH;256;82;26
OPH;256;83;25
OPH;256;84;25
OPH;256;85;26
OPH;256;86;26
OPH;256;87;25
OPH;256;88;26
OPH;256;89;26
OPH;256;90;26
OPH;256;91;25
OPH;256;92;26
OPH;256;93;23
OPH;256;94;23
OPH;256;95;24
OPH;256;96;24
OPH;256;97;23
OPH;256;98;24
OPH;256;99;23
OPH;256;100;23
OPH;512;1;29
OPH;512;2;28
OPH;512;3;23
OPH;512;4;28
OPH;512;5;23
OPH;512;6;23
OPH;512;7;23
OPH;512;8;27
OPH;512;9;26
OPH;512;10;22
OPH;512;11;27
OPH;512;12;23
OPH;512;13;23
OPH;512;14;23
OPH;512;15;22
OPH;512;16;22
OPH;512;17;23
OPH;512;18;23
OPH;512;19;23
OPH;512;20;22
OPH;512;21;23
OPH;512;22;27
OPH;512;23;28
OPH;512;24;27
OPH;512;25;23
OPH;512;26;22
OPH;512;27;23
OPH;512;28;27
OPH;512;29;27
OPH;512;30;22
OPH;512;31;28
OPH;512;32;27
OPH;512;33;23
OPH;512;34;23
OPH;512;35;23
OPH;512;36;23
OPH;512;37;23
OPH;512;38;27
OPH;512;39;23
OPH;512;40;23
OPH;512;41;27
OPH;512;42;28
OPH;512;43;23
OPH;512;44;27
OPH;512;45;23
OPH;512;46;23
OPH;512;47;23
OPH;512;48;27
OPH;512;49;23
OPH;512;50;22
OPH;512;51;23
OPH;512;52;23
OPH;512;53;22
OPH;512;54;23
OPH;512;55;27
OPH;512;56;23
OPH;512;57;23
OPH;512;58;23
OPH;512;59;27
OPH;512;60;27
OPH;512;61;27
OPH;512;62;27
OPH;512;63;23
OPH;512;64;23
OPH;512;65;26
OPH;512;66;27
OPH;512;67;26
OPH;512;68;22
OPH;512;69;26
OPH;512;70;23
OPH;512;71;22
OPH;512;72;27
OPH;512;73;23
OPH;512;74;27
OPH;512;75;23
OPH;512;76;28
OPH;512;77;23
OPH;512;78;23
OPH;512;79;27
OPH;512;80;23
OPH;512;81;23
OPH;512;82;22
OPH;512;83;22
OPH;512;84;23
OPH;512;85;23
OPH;512;86;27
OPH;512;87;22
OPH;512;88;28
OPH;512;89;23
OPH;512;90;23
OPH;512;91;23
OPH;512;92;23
OPH;512;93;22
OPH;512;94;23
OPH;512;95;23
OPH;512;96;22
OPH;512;97;23
OPH;512;98;23
OPH;512;99;23
OPH;512;100;27
OPH;1024;1;28
OPH;1024;2;28
OPH;1024;3;24
OPH;1024;4;23
OPH;1024;5;23
OPH;1024;6;28
OPH;1024;7;23
OPH;1024;8;24
OPH;1024;9;25
OPH;1024;10;27
OPH;1024;11;24
OPH;1024;12;23
OPH;1024;13;23
OPH;1024;14;23
OPH;1024;15;24
OPH;1024;16;23
OPH;1024;17;23
OPH;1024;18;22
OPH;1024;19;23
OPH;1024;20;24
OPH;1024;21;23
OPH;1024;22;23
OPH;1024;23;27
OPH;1024;24;27
OPH;1024;25;23
OPH;1024;26;23
OPH;1024;27;23
OPH;1024;28;22
OPH;1024;29;28
OPH;1024;30;23
OPH;1024;31;23
OPH;1024;32;23
OPH;1024;33;28
OPH;1024;34;23
OPH;1024;35;23
OPH;1024;36;23
OPH;1024;37;24
OPH;1024;38;27
OPH;1024;39;23
OPH;1024;40;23
OPH;1024;41;23
OPH;1024;42;23
OPH;1024;43;23
OPH;1024;44;23
OPH;1024;45;27
OPH;1024;46;23
OPH;1024;47;23
OPH;1024;48;23
OPH;1024;49;24
OPH;1024;50;23
OPH;1024;51;27
OPH;1024;52;23
OPH;1024;53;23
OPH;1024;54;22
OPH;1024;55;23
OPH;1024;56;23
OPH;1024;57;23
OPH;1024;58;23
OPH;1024;59;23
OPH;1024;60;24
OPH;1024;61;23
OPH;1024;62;27
OPH;1024;63;23
OPH;1024;64;23
OPH;1024;65;23
OPH;1024;66;23
OPH;1024;67;22
OPH;1024;68;23
OPH;1024;69;23
OPH;1024;70;23
OPH;1024;71;23
OPH;1024;72;27
OPH;1024;73;23
OPH;1024;74;23
OPH;1024;75;27
OPH;1024;76;23
OPH;1024;77;23
OPH;1024;78;22
OPH;1024;79;23
OPH;1024;80;27
OPH;1024;81;23
OPH;1024;82;22
OPH;1024;83;23
OPH;1024;84;22
OPH;1024;85;22
OPH;1024;86;28
OPH;1024;87;23
OPH;1024;88;27
OPH;1024;89;27
OPH;1024;90;27
OPH;1024;91;23
OPH;1024;92;23
OPH;1024;93;26
OPH;1024;94;23
OPH;1024;95;23
OPH;1024;96;27
OPH;1024;97;23
OPH;1024;98;23
OPH;1024;99;22
OPH;1024;100;28
OPH;2048;1;31
OPH;2048;2;30
OPH;2048;3;29
OPH;2048;4;29
OPH;2048;5;29
OPH;2048;6;28
OPH;2048;7;32
OPH;2048;8;28
OPH;2048;9;28
OPH;2048;10;28
OPH;2048;11;32
OPH;2048;12;28
OPH;2048;13;28
OPH;2048;14;28
OPH;2048;15;29
OPH;2048;16;31
OPH;2048;17;28
OPH;2048;18;28
OPH;2048;19;27
OPH;2048;20;27
OPH;2048;21;31
OPH;2048;22;28
OPH;2048;23;31
OPH;2048;24;28
OPH;2048;25;31
OPH;2048;26;27
OPH;2048;27;27
OPH;2048;28;27
OPH;2048;29;27
OPH;2048;30;27
OPH;2048;31;31
OPH;2048;32;32
OPH;2048;33;28
OPH;2048;34;31
OPH;2048;35;28
OPH;2048;36;27
OPH;2048;37;27
OPH;2048;38;31
OPH;2048;39;31
OPH;2048;40;32
OPH;2048;41;27
OPH;2048;42;31
OPH;2048;43;27
OPH;2048;44;27
OPH;2048;45;27
OPH;2048;46;27
OPH;2048;47;27
OPH;2048;48;28
OPH;2048;49;27
OPH;2048;50;31
OPH;2048;51;27
OPH;2048;52;28
OPH;2048;53;27
OPH;2048;54;27
OPH;2048;55;31
OPH;2048;56;31
OPH;2048;57;31
OPH;2048;58;27
OPH;2048;59;27
OPH;2048;60;27
OPH;2048;61;27
OPH;2048;62;27
OPH;2048;63;32
OPH;2048;64;33
OPH;2048;65;32
OPH;2048;66;32
OPH;2048;67;27
OPH;2048;68;27
OPH;2048;69;31
OPH;2048;70;28
OPH;2048;71;27
OPH;2048;72;27
OPH;2048;73;31
OPH;2048;74;31
OPH;2048;75;31
OPH;2048;76;32
OPH;2048;77;31
OPH;2048;78;27
OPH;2048;79;31
OPH;2048;80;27
OPH;2048;81;28
OPH;2048;82;31
OPH;2048;83;32
OPH;2048;84;31
OPH;2048;85;32
OPH;2048;86;27
OPH;2048;87;27
OPH;2048;88;27
OPH;2048;89;27
OPH;2048;90;31
OPH;2048;91;27
OPH;2048;92;27
OPH;2048;93;27
OPH;2048;94;27
OPH;2048;95;27
OPH;2048;96;27
OPH;2048;97;27
OPH;2048;98;27
OPH;2048;99;27
OPH;2048;100;27
OPH;4096;1;42
OPH;4096;2;39
OPH;4096;3;44
OPH;4096;4;38
OPH;4096;5;42
OPH;4096;6;37
OPH;4096;7;41
OPH;4096;8;37
OPH;4096;9;38
OPH;4096;10;37
OPH;4096;11;42
OPH;4096;12;36
OPH;4096;13;37
OPH;4096;14;41
OPH;4096;15;38
OPH;4096;16;38
OPH;4096;17;37
OPH;4096;18;37
OPH;4096;19;41
OPH;4096;20;38
OPH;4096;21;37
OPH;4096;22;38
OPH;4096;23;43
OPH;4096;24;42
OPH;4096;25;39
OPH;4096;26;36
OPH;4096;27;37
OPH;4096;28;38
OPH;4096;29;41
OPH;4096;30;37
OPH;4096;31;37
OPH;4096;32;38
OPH;4096;33;38
OPH;4096;34;41
OPH;4096;35;41
OPH;4096;36;37
OPH;4096;37;37
OPH;4096;38;37
OPH;4096;39;37
OPH;4096;40;41
OPH;4096;41;37
OPH;4096;42;41
OPH;4096;43;37
OPH;4096;44;41
OPH;4096;45;41
OPH;4096;46;38
OPH;4096;47;41
OPH;4096;48;42
OPH;4096;49;41
OPH;4096;50;35
OPH;4096;51;38
OPH;4096;52;38
OPH;4096;53;42
OPH;4096;54;37
OPH;4096;55;42
OPH;4096;56;41
OPH;4096;57;36
OPH;4096;58;36
OPH;4096;59;41
OPH;4096;60;38
OPH;4096;61;37
OPH;4096;62;37
OPH;4096;63;37
OPH;4096;64;37
OPH;4096;65;37
OPH;4096;66;41
OPH;4096;67;38
OPH;4096;68;37
OPH;4096;69;41
OPH;4096;70;37
OPH;4096;71;37
OPH;4096;72;41
OPH;4096;73;37
OPH;4096;74;37
OPH;4096;75;37
OPH;4096;76;37
OPH;4096;77;37
OPH;4096;78;37
OPH;4096;79;37
OPH;4096;80;37
OPH;4096;81;37
OPH;4096;82;37
OPH;4096;83;37
OPH;4096;84;36
OPH;4096;85;41
OPH;4096;86;42
OPH;4096;87;37
OPH;4096;88;41
OPH;4096;89;37
OPH;4096;90;40
OPH;4096;91;38
OPH;4096;92;36
OPH;4096;93;37
OPH;4096;94;37
OPH;4096;95;37
OPH;4096;96;41
OPH;4096;97;37
OPH;4096;98;38
OPH;4096;99;37
OPH;4096;100;37
FSS;1;1;5
FSS;1;2;4
FSS;1;3;4
FSS;1;4;4
FSS;1;5;4
FSS;1;6;4
FSS;1;7;4
FSS;1;8;4
FSS;1;9;4
FSS;1;10;4
FSS;1;11;4
FSS;1;12;4
FSS;1;13;4
FSS;1;14;4
FSS;1;15;4
FSS;1;16;4
FSS;1;17;4
FSS;1;18;4
FSS;1;19;4
FSS;1;20;4
FSS;1;21;4
FSS;1;22;4
FSS;1;23;4
FSS;1;24;4
FSS;1;25;4
FSS;1;26;4
FSS;1;27;4
FSS;1;28;4
FSS;1;29;4
FSS;1;30;4
FSS;1;31;4
FSS;1;32;4
FSS;1;33;4
FSS;1;34;4
FSS;1;35;4
FSS;1;36;4
FSS;1;37;4
FSS;1;38;4
FSS;1;39;4
FSS;1;40;4
FSS;1;41;4
FSS;1;42;4
FSS;1;43;4
FSS;1;44;4
FSS;1;45;4
FSS;1;46;4
FSS;1;47;4
FSS;1;48;4
FSS;1;49;4
FSS;1;50;4
FSS;1;51;4
FSS;1;52;4
FSS;1;53;4
FSS;1;54;4
FSS;1;55;4
FSS;1;56;4
FSS;1;57;4
FSS;1;58;4
FSS;1;59;4
FSS;1;60;4
FSS;1;61;4
FSS;1;62;4
FSS;1;63;4
FSS;1;64;4
FSS;1;65;4
FSS;1;66;4
FSS;1;67;4
FSS;1;68;4
FSS;1;69;4
FSS;1;70;4
FSS;1;71;4
FSS;1;72;4
FSS;1;73;4
FSS;1;74;4
FSS;1;75;4
FSS;1;76;4
FSS;1;77;4
FSS;1;78;4
FSS;1;79;4
FSS;1;80;4
FSS;1;81;4
FSS;1;82;4
FSS;1;83;4
FSS;1;84;4
FSS;1;85;4
FSS;1;86;4
FSS;1;87;4
FSS;1;88;4
FSS;1;89;4
FSS;1;90;4
FSS;1;91;4
FSS;1;92;4
FSS;1;93;4
FSS;1;94;4
FSS;1;95;4
FSS;1;96;4
FSS;1;97;4
FSS;1;98;4
FSS;1;99;4
FSS;1;100;4
FSS;2;1;6
FSS;2;2;6
FSS;2;3;6
FSS;2;4;6
FSS;2;5;6
FSS;2;6;6
FSS;2;7;6
FSS;2;8;6
FSS;2;9;6
FSS;2;10;6
FSS;2;11;6
FSS;2;12;6
FSS;2;13;6
FSS;2;14;6
FSS;2;15;6
FSS;2;16;6
FSS;2;17;6
FSS;2;18;6
FSS;2;19;6
FSS;2;20;6
FSS;2;21;6
FSS;2;22;6
FSS;2;23;6
FSS;2;24;6
FSS;2;25;6
FSS;2;26;6
FSS;2;27;6
FSS;2;28;6
FSS;2;29;6
FSS;2;30;6
FSS;2;31;6
FSS;2;32;6
FSS;2;33;6
FSS;2;34;6
FSS;2;35;6
FSS;2;36;6
FSS;2;37;6
FSS;2;38;6
FSS;2;39;6
FSS;2;40;6
FSS;2;41;6
FSS;2;42;6
FSS;2;43;6
FSS;2;44;10
FSS;2;45;6
FSS;2;46;6
FSS;2;47;6
FSS;2;48;6
FSS;2;49;6
FSS;2;50;6
FSS;2;51;6
FSS;2;52;6
FSS;2;53;6
FSS;2;54;6
FSS;2;55;6
FSS;2;56;6
FSS;2;57;6
FSS;2;58;6
FSS;2;59;6
FSS;2;60;6
FSS;2;61;6
FSS;2;62;6
FSS;2;63;6
FSS;2;64;6
FSS;2;65;6
FSS;2;66;6
FSS;2;67;6
FSS;2;68;6
FSS;2;69;6
FSS;2;70;6
FSS;2;71;6
FSS;2;72;6
FSS;2;73;6
FSS;2;74;6
FSS;2;75;6
FSS;2;76;6
FSS;2;77;6
FSS;2;78;6
FSS;2;79;6
FSS;2;80;6
FSS;2;81;6
FSS;2;82;6
FSS;2;83;6
FSS;2;84;6
FSS;2;85;6
FSS;2;86;6
FSS;2;87;6
FSS;2;88;6
FSS;2;89;6
FSS;2;90;6
FSS;2;91;6
FSS;2;92;6
FSS;2;93;6
FSS;2;94;6
FSS;2;95;6
FSS;2;96;6
FSS;2;97;6
FSS;2;98;6
FSS;2;99;6
FSS;2;100;6
FSS;4;1;11
FSS;4;2;10
FSS;4;3;10
FSS;4;4;10
FSS;4;5;10
FSS;4;6;10
FSS;4;7;10
FSS;4;8;10
FSS;4;9;10
FSS;4;10;10
FSS;4;11;10
FSS;4;12;10
FSS;4;13;10
FSS;4;14;10
FSS;4;15;10
FSS;4;16;10
FSS;4;17;10
FSS;4;18;10
FSS;4;19;10
FSS;4;20;10
FSS;4;21;10
FSS;4;22;10
FSS;4;23;10
FSS;4;24;10
FSS;4;25;10
FSS;4;26;10
FSS;4;27;10
FSS;4;28;10
FSS;4;29;10
FSS;4;30;10
FSS;4;31;10
FSS;4;32;10
FSS;4;33;10
FSS;4;34;10
FSS;4;35;10
FSS;4;36;12
FSS;4;37;10
FSS;4;38;10
FSS;4;39;10
FSS;4;40;10
FSS;4;41;10
FSS;4;42;10
FSS;4;43;10
FSS;4;44;10
FSS;4;45;10
FSS;4;46;10
FSS;4;47;10
FSS;4;48;10
FSS;4;49;10
FSS;4;50;10
FSS;4;51;10
FSS;4;52;10
FSS;4;53;10
FSS;4;54;10
FSS;4;55;10
FSS;4;56;10
FSS;4;57;10
FSS;4;58;10
FSS;4;59;10
FSS;4;60;10
FSS;4;61;10
FSS;4;62;10
FSS;4;63;10
FSS;4;64;10
FSS;4;65;10
FSS;4;66;10
FSS;4;67;10
FSS;4;68;10
FSS;4;69;10
FSS;4;70;10
FSS;4;71;10
FSS;4;72;10
FSS;4;73;10
FSS;4;74;10
FSS;4;75;10
FSS;4;76;10
FSS;4;77;10
FSS;4;78;10
FSS;4;79;10
FSS;4;80;10
FSS;4;81;10
FSS;4;82;10
FSS;4;83;10
FSS;4;84;10
FSS;4;85;10
FSS;4;86;10
FSS;4;87;10
FSS;4;88;10
FSS;4;89;10
FSS;4;90;10
FSS;4;91;10
FSS;4;92;10
FSS;4;93;10
FSS;4;94;10
FSS;4;95;10
FSS;4;96;10
FSS;4;97;10
FSS;4;98;10
FSS;4;99;10
FSS;4;100;14
FSS;8;1;20
FSS;8;2;19
FSS;8;3;19
FSS;8;4;19
FSS;8;5;19
FSS;8;6;19
FSS;8;7;18
FSS;8;8;18
FSS;8;9;18
FSS;8;10;18
FSS;8;11;18
FSS;8;12;18
FSS;8;13;18
FSS;8;14;18
FSS;8;15;18
FSS;8;16;18
FSS;8;17;18
FSS;8;18;18
FSS;8;19;18
FSS;8;20;18
FSS;8;21;18
FSS;8;22;18
FSS;8;23;18
FSS;8;24;18
FSS;8;25;18
FSS;8;26;18
FSS;8;27;18
FSS;8;28;18
FSS;8;29;18
FSS;8;30;18
FSS;8;31;18
FSS;8;32;22
FSS;8;33;18
FSS;8;34;18
FSS;8;35;18
FSS;8;36;18
FSS;8;37;18
FSS;8;38;18
FSS;8;39;18
FSS;8;40;18
FSS;8;41;18
FSS;8;42;18
FSS;8;43;18
FSS;8;44;18
FSS;8;45;18
FSS;8;46;18
FSS;8;47;18
FSS;8;48;18
FSS;8;49;18
FSS;8;50;18
FSS;8;51;18
FSS;8;52;18
FSS;8;53;18
FSS;8;54;18
FSS;8;55;18
FSS;8;56;18
FSS;8;57;18
FSS;8;58;18
FSS;8;59;18
FSS;8;60;18
FSS;8;61;18
FSS;8;62;18
FSS;8;63;18
FSS;8;64;22
FSS;8;65;18
FSS;8;66;18
FSS;8;67;18
FSS;8;68;18
FSS;8;69;18
FSS;8;70;18
FSS;8;71;18
FSS;8;72;18
FSS;8;73;18
FSS;8;74;18
FSS;8;75;18
FSS;8;76;18
FSS;8;77;18
FSS;8;78;18
FSS;8;79;18
FSS;8;80;18
FSS;8;81;18
FSS;8;82;18
FSS;8;83;18
FSS;8;84;18
FSS;8;85;18
FSS;8;86;18
FSS;8;87;18
FSS;8;88;18
FSS;8;89;18
FSS;8;90;18
FSS;8;91;18
FSS;8;92;18
FSS;8;93;18
FSS;8;94;18
FSS;8;95;18
FSS;8;96;20
FSS;8;97;18
FSS;8;98;19
FSS;8;99;18
FSS;8;100;18
FSS;16;1;36
FSS;16;2;36
FSS;16;3;36
FSS;16;4;35
FSS;16;5;34
FSS;16;6;34
FSS;16;7;34
FSS;16;8;34
FSS;16;9;34
FSS;16;10;34
FSS;16;11;34
FSS;16;12;34
FSS;16;13;34
FSS;16;14;38
FSS;16;15;34
FSS;16;16;34
FSS;16;17;34
FSS;16;18;34
FSS;16;19;34
FSS;16;20;34
FSS;16;21;34
FSS;16;22;34
FSS;16;23;34
FSS;16;24;34
FSS;16;25;34
FSS;16;26;34
FSS;16;27;34
FSS;16;28;34
FSS;16;29;34
FSS;16;30;37
FSS;16;31;34
FSS;16;32;34
FSS;16;33;34
FSS;16;34;34
FSS;16;35;34
FSS;16;36;34
FSS;16;37;34
FSS;16;38;34
FSS;16;39;34
FSS;16;40;34
FSS;16;41;34
FSS;16;42;34
FSS;16;43;34
FSS;16;44;34
FSS;16;45;34
FSS;16;46;38
FSS;16;47;34
FSS;16;48;34
FSS;16;49;34
FSS;16;50;34
FSS;16;51;34
FSS;16;52;34
FSS;16;53;34
FSS;16;54;34
FSS;16;55;34
FSS;16;56;34
FSS;16;57;34
FSS;16;58;34
FSS;16;59;34
FSS;16;60;34
FSS;16;61;34
FSS;16;62;38
FSS;16;63;34
FSS;16;64;34
FSS;16;65;34
FSS;16;66;34
FSS;16;67;34
FSS;16;68;34
FSS;16;69;34
FSS;16;70;34
FSS;16;71;34
FSS;16;72;34
FSS;16;73;34
FSS;16;74;34
FSS;16;75;34
FSS;16;76;34
FSS;16;77;35
FSS;16;78;36
FSS;16;79;35
FSS;16;80;35
FSS;16;81;35
FSS;16;82;35
FSS;16;83;35
FSS;16;84;47
FSS;16;85;38
FSS;16;86;35
FSS;16;87;35
FSS;16;88;35
FSS;16;89;35
FSS;16;90;35
FSS;16;91;35
FSS;16;92;34
FSS;16;93;34
FSS;16;94;34
FSS;16;95;34
FSS;16;96;34
FSS;16;97;34
FSS;16;98;34
FSS;16;99;43
FSS;16;100;34
FSS;32;1;71
FSS;32;2;70
FSS;32;3;68
FSS;32;4;68
FSS;32;5;67
FSS;32;6;72
FSS;32;7;67
FSS;32;8;67
FSS;32;9;67
FSS;32;10;68
FSS;32;11;68
FSS;32;12;67
FSS;32;13;67
FSS;32;14;69
FSS;32;15;68
FSS;32;16;67
FSS;32;17;68
FSS;32;18;68
FSS;32;19;67
FSS;32;20;67
FSS;32;21;67
FSS;32;22;72
FSS;32;23;68
FSS;32;24;67
FSS;32;25;68
FSS;32;26;67
FSS;32;27;68
FSS;32;28;67
FSS;32;29;67
FSS;32;30;69
FSS;32;31;68
FSS;32;32;67
FSS;32;33;67
FSS;32;34;68
FSS;32;35;67
FSS;32;36;68
FSS;32;37;68
FSS;32;38;69
FSS;32;39;67
FSS;32;40;68
FSS;32;41;67
FSS;32;42;67
FSS;32;43;67
FSS;32;44;67
FSS;32;45;67
FSS;32;46;71
FSS;32;47;68
FSS;32;48;67
FSS;32;49;68
FSS;32;50;68
FSS;32;51;67
FSS;32;52;67
FSS;32;53;67
FSS;32;54;69
FSS;32;55;67
FSS;32;56;68
FSS;32;57;67
FSS;32;58;67
FSS;32;59;67
FSS;32;60;67
FSS;32;61;68
FSS;32;62;72
FSS;32;63;67
FSS;32;64;67
FSS;32;65;68
FSS;32;66;67
FSS;32;67;67
FSS;32;68;67
FSS;32;69;68
FSS;32;70;69
FSS;32;71;67
FSS;32;72;67
FSS;32;73;67
FSS;32;74;67
FSS;32;75;67
FSS;32;76;67
FSS;32;77;68
FSS;32;78;71
FSS;32;79;67
FSS;32;80;67
FSS;32;81;67
FSS;32;82;67
FSS;32;83;67
FSS;32;84;67
FSS;32;85;67
FSS;32;86;68
FSS;32;87;67
FSS;32;88;67
FSS;32;89;67
FSS;32;90;67
FSS;32;91;68
FSS;32;92;68
FSS;32;93;67
FSS;32;94;72
FSS;32;95;67
FSS;32;96;67
FSS;32;97;68
FSS;32;98;67
FSS;32;99;67
FSS;32;100;67
FSS;64;1;145
FSS;64;2;135
FSS;64;3;137
FSS;64;4;133
FSS;64;5;137
FSS;64;6;134
FSS;64;7;133
FSS;64;8;133
FSS;64;9;135
FSS;64;10;134
FSS;64;11;133
FSS;64;12;136
FSS;64;13;137
FSS;64;14;133
FSS;64;15;133
FSS;64;16;133
FSS;64;17;135
FSS;64;18;133
FSS;64;19;133
FSS;64;20;136
FSS;64;21;138
FSS;64;22;133
FSS;64;23;133
FSS;64;24;133
FSS;64;25;139
FSS;64;26;133
FSS;64;27;133
FSS;64;28;133
FSS;64;29;134
FSS;64;30;132
FSS;64;31;133
FSS;64;32;133
FSS;64;33;135
FSS;64;34;133
FSS;64;35;133
FSS;64;36;133
FSS;64;37;134
FSS;64;38;133
FSS;64;39;133
FSS;64;40;133
FSS;64;41;138
FSS;64;42;136
FSS;64;43;133
FSS;64;44;134
FSS;64;45;135
FSS;64;46;134
FSS;64;47;136
FSS;64;48;133
FSS;64;49;138
FSS;64;50;133
FSS;64;51;133
FSS;64;52;133
FSS;64;53;134
FSS;64;54;133
FSS;64;55;133
FSS;64;56;133
FSS;64;57;135
FSS;64;58;133
FSS;64;59;133
FSS;64;60;133
FSS;64;61;134
FSS;64;62;133
FSS;64;63;133
FSS;64;64;134
FSS;64;65;134
FSS;64;66;134
FSS;64;67;137
FSS;64;68;133
FSS;64;69;138
FSS;64;70;133
FSS;64;71;133
FSS;64;72;133
FSS;64;73;135
FSS;64;74;133
FSS;64;75;133
FSS;64;76;133
FSS;64;77;135
FSS;64;78;136
FSS;64;79;134
FSS;64;80;133
FSS;64;81;135
FSS;64;82;133
FSS;64;83;133
FSS;64;84;133
FSS;64;85;135
FSS;64;86;133
FSS;64;87;133
FSS;64;88;133
FSS;64;89;136
FSS;64;90;134
FSS;64;91;136
FSS;64;92;133
FSS;64;93;137
FSS;64;94;133
FSS;64;95;133
FSS;64;96;133
FSS;64;97;138
FSS;64;98;133
FSS;64;99;133
FSS;64;100;134
FSS;128;1;276
FSS;128;2;267
FSS;128;3;273
FSS;128;4;268
FSS;128;5;270
FSS;128;6;272
FSS;128;7;272
FSS;128;8;267
FSS;128;9;267
FSS;128;10;268
FSS;128;11;272
FSS;128;12;267
FSS;128;13;269
FSS;128;14;268
FSS;128;15;272
FSS;128;16;268
FSS;128;17;273
FSS;128;18;267
FSS;128;19;270
FSS;128;20;268
FSS;128;21;268
FSS;128;22;268
FSS;128;23;275
FSS;128;24;268
FSS;128;25;270
FSS;128;26;270
FSS;128;27;272
FSS;128;28;268
FSS;128;29;269
FSS;128;30;267
FSS;128;31;269
FSS;128;32;266
FSS;128;33;269
FSS;128;34;271
FSS;128;35;279
FSS;128;36;284
FSS;128;37;276
FSS;128;38;271
FSS;128;39;269
FSS;128;40;267
FSS;128;41;268
FSS;128;42;267
FSS;128;43;271
FSS;128;44;265
FSS;128;45;271
FSS;128;46;267
FSS;128;47;273
FSS;128;48;265
FSS;128;49;272
FSS;128;50;267
FSS;128;51;267
FSS;128;52;268
FSS;128;53;273
FSS;128;54;265
FSS;128;55;269
FSS;128;56;270
FSS;128;57;272
FSS;128;58;267
FSS;128;59;270
FSS;128;60;267
FSS;128;61;270
FSS;128;62;267
FSS;128;63;269
FSS;128;64;270
FSS;128;65;272
FSS;128;66;267
FSS;128;67;269
FSS;128;68;268
FSS;128;69;269
FSS;128;70;267
FSS;128;71;271
FSS;128;72;271
FSS;128;73;272
FSS;128;74;267
FSS;128;75;269
FSS;128;76;267
FSS;128;77;270
FSS;128;78;265
FSS;128;79;272
FSS;128;80;267
FSS;128;81;269
FSS;128;82;267
FSS;128;83;272
FSS;128;84;271
FSS;128;85;271
FSS;128;86;265
FSS;128;87;272
FSS;128;88;267
FSS;128;89;270
FSS;128;90;267
FSS;128;91;269
FSS;128;92;268
FSS;128;93;271
FSS;128;94;266
FSS;128;95;269
FSS;128;96;267
FSS;128;97;271
FSS;128;98;268
FSS;128;99;267
FSS;128;100;267
FSS;256;1;533
FSS;256;2;529
FSS;256;3;528
FSS;256;4;525
FSS;256;5;527
FSS;256;6;540
FSS;256;7;527
FSS;256;8;524
FSS;256;9;524
FSS;256;10;531
FSS;256;11;526
FSS;256;12;525
FSS;256;13;528
FSS;256;14;527
FSS;256;15;524
FSS;256;16;523
FSS;256;17;526
FSS;256;18;527
FSS;256;19;525
FSS;256;20;527
FSS;256;21;529
FSS;256;22;527
FSS;256;23;525
FSS;256;24;527
FSS;256;25;527
FSS;256;26;523
FSS;256;27;524
FSS;256;28;523
FSS;256;29;524
FSS;256;30;523
FSS;256;31;526
FSS;256;32;526
FSS;256;33;524
FSS;256;34;528
FSS;256;35;526
FSS;256;36;528
FSS;256;37;526
FSS;256;38;561
FSS;256;39;527
FSS;256;40;523
FSS;256;41;524
FSS;256;42;528
FSS;256;43;526
FSS;256;44;524
FSS;256;45;524
FSS;256;46;526
FSS;256;47;524
FSS;256;48;524
FSS;256;49;529
FSS;256;50;527
FSS;256;51;524
FSS;256;52;526
FSS;256;53;527
FSS;256;54;527
FSS;256;55;527
FSS;256;56;530
FSS;256;57;526
FSS;256;58;524
FSS;256;59;527
FSS;256;60;529
FSS;256;61;527
FSS;256;62;525
FSS;256;63;533
FSS;256;64;546
FSS;256;65;533
FSS;256;66;526
FSS;256;67;525
FSS;256;68;523
FSS;256;69;525
FSS;256;70;524
FSS;256;71;526
FSS;256;72;525
FSS;256;73;527
FSS;256;74;526
FSS;256;75;523
FSS;256;76;524
FSS;256;77;524
FSS;256;78;526
FSS;256;79;527
FSS;256;80;523
FSS;256;81;527
FSS;256;82;527
FSS;256;83;527
FSS;256;84;523
FSS;256;85;528
FSS;256;86;529
FSS;256;87;525
FSS;256;88;523
FSS;256;89;526
FSS;256;90;524
FSS;256;91;523
FSS;256;92;525
FSS;256;93;527
FSS;256;94;528
FSS;256;95;524
FSS;256;96;524
FSS;256;97;523
FSS;256;98;524
FSS;256;99;523
FSS;256;100;525
FSS;512;1;1086
FSS;512;2;1069
FSS;512;3;1073
FSS;512;4;1072
FSS;512;5;1071
FSS;512;6;1072
FSS;512;7;1071
FSS;512;8;1072
FSS;512;9;1072
FSS;512;10;1077
FSS;512;11;1074
FSS;512;12;1071
FSS;512;13;1072
FSS;512;14;1073
FSS;512;15;1072
FSS;512;16;1074
FSS;512;17;1070
FSS;512;18;1073
FSS;512;19;1073
FSS;512;20;1071
FSS;512;21;1072
FSS;512;22;1072
FSS;512;23;1075
FSS;512;24;1075
FSS;512;25;1082
FSS;512;26;1110
FSS;512;27;1102
FSS;512;28;1077
FSS;512;29;1092
FSS;512;30;1097
FSS;512;31;1084
FSS;512;32;1112
FSS;512;33;1083
FSS;512;34;1077
FSS;512;35;1077
FSS;512;36;1078
FSS;512;37;1080
FSS;512;38;1073
FSS;512;39;1078
FSS;512;40;1076
FSS;512;41;1076
FSS;512;42;1074
FSS;512;43;1073
FSS;512;44;1079
FSS;512;45;1073
FSS;512;46;1077
FSS;512;47;1074
FSS;512;48;1080
FSS;512;49;1076
FSS;512;50;1083
FSS;512;51;1076
FSS;512;52;1079
FSS;512;53;1072
FSS;512;54;1072
FSS;512;55;1078
FSS;512;56;1077
FSS;512;57;1077
FSS;512;58;1078
FSS;512;59;1071
FSS;512;60;1074
FSS;512;61;1076
FSS;512;62;1072
FSS;512;63;1079
FSS;512;64;1074
FSS;512;65;1081
FSS;512;66;1078
FSS;512;67;1078
FSS;512;68;1083
FSS;512;69;1082
FSS;512;70;1079
FSS;512;71;1095
FSS;512;72;1084
FSS;512;73;1081
FSS;512;74;1080
FSS;512;75;1084
FSS;512;76;1087
FSS;512;77;1082
FSS;512;78;1088
FSS;512;79;1082
FSS;512;80;1077
FSS;512;81;1084
FSS;512;82;1086
FSS;512;83;1078
FSS;512;84;1074
FSS;512;85;1085
FSS;512;86;1082
FSS;512;87;1081
FSS;512;88;1081
FSS;512;89;1081
FSS;512;90;1080
FSS;512;91;1075
FSS;512;92;1081
FSS;512;93;1095
FSS;512;94;1083
FSS;512;95;1104
FSS;512;96;1086
FSS;512;97;1091
FSS;512;98;1093
FSS;512;99;1078
FSS;512;100;1080
FSS;1024;1;2158
FSS;1024;2;2160
FSS;1024;3;2164
FSS;1024;4;2165
FSS;1024;5;2171
FSS;1024;6;2156
FSS;1024;7;2153
FSS;1024;8;2165
FSS;1024;9;2162
FSS;1024;10;2185
FSS;1024;11;2176
FSS;1024;12;2187
FSS;1024;13;2188
FSS;1024;14;2168
FSS;1024;15;2191
FSS;1024;16;2195
FSS;1024;17;2171
FSS;1024;18;2162
FSS;1024;19;2173
FSS;1024;20;2163
FSS;1024;21;2163
FSS;1024;22;2166
FSS;1024;23;2175
FSS;1024;24;2152
FSS;1024;25;2153
FSS;1024;26;2156
FSS;1024;27;2167
FSS;1024;28;2174
FSS;1024;29;2166
FSS;1024;30;2210
FSS;1024;31;2163
FSS;1024;32;2172
FSS;1024;33;2161
FSS;1024;34;2168
FSS;1024;35;2175
FSS;1024;36;2169
FSS;1024;37;2164
FSS;1024;38;2162
FSS;1024;39;2166
FSS;1024;40;2162
FSS;1024;41;2167
FSS;1024;42;2171
FSS;1024;43;2168
FSS;1024;44;2172
FSS;1024;45;2173
FSS;1024;46;2158
FSS;1024;47;2166
FSS;1024;48;2163
FSS;1024;49;2190
FSS;1024;50;2192
FSS;1024;51;2180
FSS;1024;52;2179
FSS;1024;53;2190
FSS;1024;54;2174
FSS;1024;55;2168
FSS;1024;56;2158
FSS;1024;57;2163
FSS;1024;58;2163
FSS;1024;59;2444
FSS;1024;60;2154
FSS;1024;61;2150
FSS;1024;62;2152
FSS;1024;63;2165
FSS;1024;64;2160
FSS;1024;65;2151
FSS;1024;66;2157
FSS;1024;67;2162
FSS;1024;68;2181
FSS;1024;69;2153
FSS;1024;70;2153
FSS;1024;71;2158
FSS;1024;72;2154
FSS;1024;73;2157
FSS;1024;74;2173
FSS;1024;75;2180
FSS;1024;76;2193
FSS;1024;77;2165
FSS;1024;78;2151
FSS;1024;79;2161
FSS;1024;80;2163
FSS;1024;81;2157
FSS;1024;82;2162
FSS;1024;83;2153
FSS;1024;84;2160
FSS;1024;85;2157
FSS;1024;86;2156
FSS;1024;87;2153
FSS;1024;88;2143
FSS;1024;89;2148
FSS;1024;90;2155
FSS;1024;91;2174
FSS;1024;92;2155
FSS;1024;93;2191
FSS;1024;94;2197
FSS;1024;95;2189
FSS;1024;96;2178
FSS;1024;97;2150
FSS;1024;98;2161
FSS;1024;99;2152
FSS;1024;100;2162
FSS;2048;1;4289
FSS;2048;2;4303
FSS;2048;3;4283
FSS;2048;4;4294
FSS;2048;5;4285
FSS;2048;6;4300
FSS;2048;7;4304
FSS;2048;8;4292
FSS;2048;9;4324
FSS;2048;10;4276
FSS;2048;11;4283
FSS;2048;12;4288
FSS;2048;13;4288
FSS;2048;14;4298
FSS;2048;15;4287
FSS;2048;16;4286
FSS;2048;17;4287
FSS;2048;18;4294
FSS;2048;19;4280
FSS;2048;20;4276
FSS;2048;21;4296
FSS;2048;22;4321
FSS;2048;23;4288
FSS;2048;24;4291
FSS;2048;25;4293
FSS;2048;26;4289
FSS;2048;27;4291
FSS;2048;28;4289
FSS;2048;29;4288
FSS;2048;30;4291
FSS;2048;31;4287
FSS;2048;32;4298
FSS;2048;33;4340
FSS;2048;34;4296
FSS;2048;35;4331
FSS;2048;36;4317
FSS;2048;37;4318
FSS;2048;38;4328
FSS;2048;39;4291
FSS;2048;40;4277
FSS;2048;41;4276
FSS;2048;42;4278
FSS;2048;43;4279
FSS;2048;44;4280
FSS;2048;45;4272
FSS;2048;46;4309
FSS;2048;47;4305
FSS;2048;48;4377
FSS;2048;49;4341
FSS;2048;50;4303
FSS;2048;51;4298
FSS;2048;52;4299
FSS;2048;53;4320
FSS;2048;54;4299
FSS;2048;55;4332
FSS;2048;56;4331
FSS;2048;57;4310
FSS;2048;58;4297
FSS;2048;59;4310
FSS;2048;60;4562
FSS;2048;61;4278
FSS;2048;62;4282
FSS;2048;63;4272
FSS;2048;64;4269
FSS;2048;65;4268
FSS;2048;66;4279
FSS;2048;67;4272
FSS;2048;68;4308
FSS;2048;69;4332
FSS;2048;70;4324
FSS;2048;71;4282
FSS;2048;72;4282
FSS;2048;73;4272
FSS;2048;74;4279
FSS;2048;75;4281
FSS;2048;76;4296
FSS;2048;77;4278
FSS;2048;78;4287
FSS;2048;79;4270
FSS;2048;80;4308
FSS;2048;81;4291
FSS;2048;82;4319
FSS;2048;83;4308
FSS;2048;84;4314
FSS;2048;85;4325
FSS;2048;86;4320
FSS;2048;87;4285
FSS;2048;88;4290
FSS;2048;89;4285
FSS;2048;90;4286
FSS;2048;91;4317
FSS;2048;92;4345
FSS;2048;93;4330
FSS;2048;94;4281
FSS;2048;95;4292
FSS;2048;96;4322
FSS;2048;97;4329
FSS;2048;98;4300
FSS;2048;99;4322
FSS;2048;100;4310
FSS;4096;1;8653
FSS;4096;2;8663
FSS;4096;3;8627
FSS;4096;4;8640
FSS;4096;5;8677
FSS;4096;6;8621
FSS;4096;7;8617
FSS;4096;8;8658
FSS;4096;9;8628
FSS;4096;10;8620
FSS;4096;11;8844
FSS;4096;12;8645
FSS;4096;13;8642
FSS;4096;14;8633
FSS;4096;15;8628
FSS;4096;16;8653
FSS;4096;17;8731
FSS;4096;18;8659
FSS;4096;19;8655
FSS;4096;20;8914
FSS;4096;21;8594
FSS;4096;22;8625
FSS;4096;23;8606
FSS;4096;24;8654
FSS;4096;25;8699
FSS;4096;26;8613
FSS;4096;27;8636
FSS;4096;28;8647
FSS;4096;29;8638
FSS;4096;30;8602
FSS;4096;31;8632
FSS;4096;32;8704
FSS;4096;33;8710
FSS;4096;34;8650
FSS;4096;35;8653
FSS;4096;36;8614
FSS;4096;37;8675
FSS;4096;38;8666
FSS;4096;39;8621
FSS;4096;40;8677
FSS;4096;41;8682
FSS;4096;42;8651
FSS;4096;43;8633
FSS;4096;44;8730
FSS;4096;45;8621
FSS;4096;46;8637
FSS;4096;47;8618
FSS;4096;48;8710
FSS;4096;49;8707
FSS;4096;50;8677
FSS;4096;51;8626
FSS;4096;52;8637
FSS;4096;53;8711
FSS;4096;54;8667
FSS;4096;55;8664
FSS;4096;56;8727
FSS;4096;57;8665
FSS;4096;58;8680
FSS;4096;59;8699
FSS;4096;60;8917
FSS;4096;61;8600
FSS;4096;62;8598
FSS;4096;63;8596
FSS;4096;64;8627
FSS;4096;65;8699
FSS;4096;66;8621
FSS;4096;67;8682
FSS;4096;68;8617
FSS;4096;69;8672
FSS;4096;70;8658
FSS;4096;71;8654
FSS;4096;72;8698
FSS;4096;73;8690
FSS;4096;74;8613
FSS;4096;75;8739
FSS;4096;76;8638
FSS;4096;77;8627
FSS;4096;78;8656
FSS;4096;79;8632
FSS;4096;80;8700
FSS;4096;81;8692
FSS;4096;82;8619
FSS;4096;83;8669
FSS;4096;84;8642
FSS;4096;85;8675
FSS;4096;86;8671
FSS;4096;87;8664
FSS;4096;88;8637
FSS;4096;89;8702
FSS;4096;90;8728
FSS;4096;91;8644
FSS;4096;92;8681
FSS;4096;93;8639
FSS;4096;94;8723
FSS;4096;95;8697
FSS;4096;96;8731
FSS;4096;97;8663
FSS;4096;98;8644
FSS;4096;99;8659
FSS;4096;100;9019
